pdtsc_135_3.04.t##7.3	Oni <<verb:jeli>> <<prep:s>> rodinou <<f%MEANS:škodovkou>> 1203 , to je ta bývalá sanitka , a v té byli jako celá rodina - má dvě děti . 	ACMP	community
pdtsc_027_1.08.t##7.1	Svačiny si <<verb:bereme>> <<prep:s>> <<f%MANN:sebou>> . 	MANN	idiom
wsj0598.cz.t##13.9	Toto prohlášení rozhořčilo předsedu Greenspana , ale Bushova administrativa i finanční burzy ho <<prep:s>> <<f%MANN:radostí>> <<verb:uvítaly>> . 	MANN	of-event
ln95048_051.t##89.1	Prý bychom <<verb:dojeli>> do Nairobi <<prep:s>> přílišným <<f%ACMP:zpožděním>> . 	MANN	of-result
pdtsc_017_2.03.t##14.16	Akorát jsme ještě nevěděli , jak to uděláme se psem , jestli bude moct jít nebo nebude moct <<verb:jít>> <<prep:s>> <<f%ACMP:námi>> . 	ACMP	community
wsj2106.cz.t##16.10	Je to hudba pro lidi , kteří chtějí slyšet něco odlišného , ale nechtějí se <<prep:s>> <<f%MEANS:tím>> nijak zvlášť <<verb:zatěžovat>> . 	MEANS	tool-abstract		
pdtsc_020_1.00.t##8.1	<<verb:Začněme>> třeba <<prep:s>> <<f%ACMP:touhle>> . 	OTHER	other		
wsj1677.cz.t##50.10	A jestliže je uživatel zaneprázdněn , " může produkt nastavit do krizového módu : ' <<verb:Neobtěžujte>> mě <<prep:se>> <<f%MEANS:zprávami>> do pondělí ' " . 	MEANS	tool-abstract	MEANS	tool
pdtsc_043_2.09.t##6.7	Někdy jí ten tlak vylítne a <<verb:má>> <<prep:s>> <<f%REG:tím>> dost běhání po nemocnicích . 	COND	because
wsj1274.cz.t##36.1	Společnost Jim Beam Brands <<verb:vytvořila>> společný distribuční podnik <<prep:s>> <<f%ACMP:lihovarem>> Nikka Whiskey Co . 	ACMP	community
mf930709_053.t##16.18	" Chceme uvádět loutkové divadlo do širších souvislostí , se stejnou prestiží a respektem , <<prep:s>> <<f%ACMP:jakými>> se <<verb:díváme>> na ostatní druhy umění , " říká o zaměření institutu Josef Krofta . 	MANN	of-event
wsj1567.cz.t##45.1	Poté <<verb:rozeslal>> pejskovu fotografii <<prep:s>> <<f%ACMP:potvrzením>> o členství - vydaném na jméno " Boris ' Bo ' Regaard " - všem možným novinám . ) 	CIRC	side-effect	ACMP	association
pdtsc_046_1.01.t##41.3	Zkoušeli jsme <<verb:skákat>> <<prep:s>> <<f%MEANS:padákem>> , když byla , dá se říct , letecká mánie . 	MEANS	tool	MEANS	transport
ln94209_56.t##40.3	Naučil jsem se <<verb:dělat>> <<prep:s>> <<f%MEANS:pilou>> v lese . 	MEANS	tool
pdtsc_039_1.03.t##37.2	Potom se smělo <<verb:vzít>> <<prep:s>> <<f%LOC:sebou>> padesát kilo na osobu , tak jsme brali oblečení . 	MANN	idiom
ln94210_130.t##16.27	Roman působí , jak známo , v Tampa Bay Lightning , méně úspěšný Martin se loni neprosadil do prvního mužstva Hartfordu a přestoupil do St . Louis , kde ho <<prep:s>> největší <<f%MOD:pravděpodobností>> opět <<verb:čeká>> farmářský tým . 	MOD	mod		
wsj0954.cz.t##1.1	C . Hyde Tucker se <<prep:s>> <<f%MANN:platností>> od 1 . ledna <<verb:stane>> prezidentem a generálním ředitelem společnosti Bell Atlantic International Inc . , jednotky tohoto telekomunikačního koncernu . 	TSIN	validity	OTHER	other
pdtsc_017_2.00.t##48.1	<<verb:Bydlela>> jsem <<prep:s>> tou <<f%ACMP:dívkou>> v přízemí . 	ACMP	community
wsj0944.cz.t##22.4	Soudce Oakes <<verb:pojal>> případ Salinger <<prep:s>> úplně rozdílným <<f%ACMP:názorem>> , přičemž poukázal na to , že žijící osoba , jakou je například Salinger , má právo na soukromí , které se netýká zesnulé osoby , jakou je například Hubbard . 	MANN	of-event
pdtsc_146_2.02.t##10.1	Pak jsme <<verb:chodili>> na různé akce hodně <<prep:se>> <<f%ACMP:sokolem>> . 	OTHER	other	ACMP	community
pdtsc_115_3.14.t##9.1	<<verb:Měly>> jsme <<prep:s>> <<f%MANN:sebou>> vždycky , pamatuju si to jako dneska , dva krajíce chleba namazané sádlem , máslem ne , protože bylo teplo , a dvě na tvrdo uvařené vajíčka . 	MANN	idiom
pdtsc_051_2.07.t##17.8	Mě to ale s nimi docela bavilo , <<verb:jezdili>> jsme <<prep:s>> <<f%ACMP:nimi>> na výlety . 	ACMP	community
wsj2202.cz.t##4.25	Tým , který doslova vyběhl s Chicago Cubs v play - off Národní ligy , udržel pouze jeden ze dvou zápasů proti domácímu týmu Oakland Athletics , přezdívanému Áčko , partě , která <<verb:dopadla>> podobně <<prep:s>> <<f%REG:týmy>> Los Angeles Dodgers a Orel Hershiser v loňském turnaji . 	REG	regard		
wsj1163.cz.t##35.1	Marni Riceová <<verb:hraje>> služebnou <<prep:s>> takovou <<f%MANN:břitkostí>> , jako by si své dva výstupy chtěla přivlastnit . 	MANN	of-agent	MANN	of-event
ln94208_8.t##18.15	U našeho auta poněkud zlobilo nepříliš poddajné řazení , ale to lze přičíst skutečnosti , že jsme <<verb:vyjeli>> <<prep:s>> <<f%MEANS:vozem>> , který neměl najeto ani celých čtyřicet kilometrů . 	MEANS	transport
mf920922_023.t##19.10	Přímočarostí svých kolegů byl zaskočen i Vladimír Mečiar , když se <<prep:s>> Václavem <<f%ACMP:Klausem>> <<verb:připojili>> ke zbytku delegací a dověděli se , o čem je vlastně řeč . 	ACMP	community
pdtsc_050_3.03.t##16.2	Psovod , který ji měl přede mnou , <<prep:s>> <<f%ACMP:ní>> <<verb:nesložil>> zkoušky , tak když mně ji přidělovali , slíbili mně , že ji dostanu do civilu . 	REG	regard
pdtsc_106_3.06.t##36.1	Jelikož jsem to měl ještě skoro rok , když se už narodil syn , tak jsme v tom <<verb:jezdili>> i <<prep:se>> <<f%ACMP:synem>> . 	ACMP	community	MEANS	transport
pdtsc_046_1.01.t##38.11	S těmi hochy o pět let staršími tam byl ale takový zážitek , že <<verb:skákali>> <<prep:s>> vlastnoručně vyrobenými <<f%MEANS:padáky>> . 	MEANS	transport
pdtsc_126_2.10.t##14.3	<<verb:Jezdíme>> se <<prep:s>> <<f%ACMP:nimi>> koupat nebo když si rodiče potřebujou někam vyrazit , tak u nich spíme . 	ACMP	community
pdtsc_085_1.11.t##28.6	Manžel viděl , že lidé , kteří <<verb:nastoupili>> do zemědělství <<prep:s>> dobrými <<f%ACMP:úmysly>> hospodařit , jsou buď vyhnáni nebo musí pracovat za špatných podmínek , které si nepředstavovali , když tam šli . 	MANN	of-agent
pdtsc_064_2.01.t##5.2	<<verb:Trávila>> jste <<prep:s>> <<f%ACMP:nimi>> hodně času nebo jste měli rozdílné zájmy ? 	ACMP	community
wsj1502.cz.t##35.6	Tichomořské lodní linky mají v úmyslu <<verb:zvýšit>> sazby za přepravu kontejnerů obsahujících zboží vyvážené ze Spojených států do Asie o 10 % <<prep:s>> <<f%ACMP:účinností>> od příštího dubna . 	TSIN	validity
wsj1735.cz.t##44.8	Hledáme něco , co roste rychleji a <<verb:prodává>> se <<prep:se>> srovnatelným <<f%ACMP:násobkem>> ( cena - příjmy ) . " 	MANN	of-result
pdtsc_081_3.09.t##28.1	<<verb:Měla>> jste <<prep:s>> <<f%REG:přípravou>> svatby hodně práce ? 	REG	regard
ln94205_73.t##27.1	Zatímco skupinky nacionalistů mávaly zelenými , oranžovými a bílými trikolorami před policejními stanicemi , <<verb:hleděli>> ulsterští protestanté na příměří vyhlášené IRA <<prep:s>> krajní <<f%ACMP:nedůvěrou>> . 	MANN	of-event
pdtsc_078_3.08.t##33.10	Tohle byla taková hezká skupinka , tak jsem se <<prep:s>> <<f%ACMP:ní>> nechala <<verb:vyfotit>> . 	ACMP	community	MANN
wsj2124.cz.t##21.1	Po pátečním poklesu <<verb:provedla>> Perrittova firma statistické testy u 100 vysoce kvalitních akcií <<prep:s>> <<f%MEANS:použitím>> staromódních kritérií pro hodnotu , sestavených Benjaminem Grahamem , analytikem a autorem z třicátých a čtyřicátých let 20 . století , který je všeobecně považován za otce moderní analýzy cenných papírů . 	MEANS	tool-abstract
pdtsc_072_2.04.t##27.5	Kdo chtěl <<verb:vzal>> si <<prep:s>> <<f%MANN:sebou>> i sjezdovky a jezdil na Klínovec . 	MANN	idiom
wsj2341.cz.t##1.15	Má se za to , že příjmy většiny hlavních národních farmaceutických výrobců se ve třetím čtvrtletí čile pohnuly kupředu , protože tyto společnosti si <<verb:vedly>> mimořádně dobře <<prep:s>> novějšími dobře prodejnými <<f%REG:léky>> na předpis . 	REG	regard
wsj2372.cz.t##51.1	- <<prep:s>> <<f%MANN:účinností>> od 6 . června 1989 by byla <<verb:zaplněna>> skulina v zákoně týkající se plánů přednostního prodeje akcií vlastním zaměstnancům ( ESOP ) , které byly zneužívány investičními bankami při přebírání kontroly nad nějakou společností . 	TSIN	validity
pdtsc_051_2.05.t##28.1	I do Polska jsme se <<prep:s>> <<f%ACMP:nimi>> <<verb:vydali>> . 	ACMP	community		
pdtsc_120_1.01.t##23.18	Pro mě to bude první setkání po těch víc než padesáti letech , kdy se uvidím s těmi spolužáky , co jsem <<prep:s>> <<f%ACMP:nimi>> <<verb:chodila>> do třídy . 	ACMP	community
ln94207_90.t##40.45	Neníť tu potřeba ostruh ani biče , sami běžíme do maštale nepravostí jako kůň k svýmu žlabu . . . nestydíme se a neostejcháme výti s vlky , ululare cum lupis , štěkati a vrčeti a kousati se psy , sypěti s hady , kočkovati se s kočkami , smrděti s kozly , <<verb:pískat>> a hvízdat <<prep:s>> <<f%ACMP:ovčáky>> , křepčit se skotáky . 	ACMP	community
pdtsc_063_2.03.t##6.8	Říkám : " Pojď , <<verb:máme>> tady <<prep:s>> <<f%LOC:sebou>> ryby , které dělala manželka . 	MANN	idiom
ln94200_170.t##28.1	<<prep:S>> blížícími se <<f%ACMP:volbami>> <<verb:přituhlo>> . 	COND	progressively
pdtsc_042_1.01.t##36.10	Bylo jich několik , byli to většinou zase ti , <<prep:s>> <<f%ACMP:kterými>> jsme <<verb:hráli>> tu českou házenou . 	ACMP	community
ln94209_50.t##40.5	Co se stane s lidmi , kteří <<prep:s>> velkými <<f%MANN:oběťmi>> <<verb:udržovali>> bezpečnost v provincii a najednou budou bez práce ? 	MANN	of-result
pdtsc_076_1.00.t##21.1	Ano , <<verb:řezal>> jsem <<prep:s>> <<f%MEANS:ní>> . 	MEANS	tool		
pdtsc_107_3.07.t##23.4	Potom <<verb:šel>> na operaci <<prep:se>> <<f%REG:srdcem>> , skončil . 	REG	regard
wsj1213.cz.t##68.1	Dluhopisy <<verb:získala>> skupina Goldman , Sachs & Co . <<prep:s>> reálnou úrokovou <<f%ACMP:mírou>> 7.17 % . 	EXT	adequately	MANN	of-result
wsj0660.cz.t##1.1	Společnost Montedison S . p . A . <<prep:s>> konečnou <<f%MANN:platností>> <<verb:souhlasila>> s nákupem všech veřejně držených akcií společnosti Erbamont N . V . za 37 dolarů na akcii . 	OTHER	other		
pdtsc_095_3.01.t##16.2	Pokud to <<verb:jde>> <<prep:s>> tím desetiletým <<f%COND:rozdílem>> , tak myslím , že se máme dosud rádi . 	MANN	of-agent		
ln94205_136.t##23.4	Anebo si představujete , že cizinci vám budou i nadále <<prep:s>> <<f%ACMP:úsměvem>> <<verb:nastavovat>> peněženky jenom proto , že na to mají a že koruna je za dvacet centimů ? 	MANN	of-event
ln94205_130.t##36.1	<<verb:Vezeme>> <<prep:s>> <<f%DIR3:sebou>> jen jídlo do stěny a vlastní lezecké vybavení . 	MANN	idiom
wsj2109.cz.t##10.1	Časopis se 101 letou tradicí se nikdy o inzerenty nemusel <<verb:ucházet>> <<prep:s>> takovou <<f%MANN:horlivostí>> . 	EXT	large	MANN	of-event
ln95047_060.t##30.12	Učitelé by totiž měli ovládat znakovou řeč tak , aby se <<prep:s>> <<f%MEANS:ní>> byli nejen schopni <<verb:dorozumět>> se svými žáky , ale aby její pomocí dokázali předávat informace , vykládat učivo . 	MEANS	tool	MEANS	tool-abstract
ln94209_97.t##3.1	Al Unser jr . <<prep:s>> <<f%ACMP:vozem>> Penske Ilmor <<verb:vyhrál>> GP Kanady amerického mistrovství automobilů formule IndyCar . 	MANN	of-agent
wsj1657.cz.t##36.14	Před několika měsíci se Bushova administrativa rozhodla tuto spolupráci ukončit a nechala Rádio Kostarika <<verb:fungovat>> <<prep:s>> žebráckým <<f%ACMP:rozpočtem>> . 	MANN	of-event	MANN	of-agent
pdtsc_073_3.07.t##50.5	Nechtěli autem , protože jsme vždycky <<verb:měli>> <<prep:s>> <<f%MANN:sebou>> slivovici . 	MANN	idiom
wsj1917.cz.t##2.1	Společnost Lionel též <<verb:tlačí>> vlastníky svých akcií a dlužníky , aby tyto cenné papíry nenabízeli , <<prep:se>> <<f%MEANS:slovy>> , že chce zůstat nezávislá , aby se mohla řídit svou obchodní strategií . 	MANN	of-event	MEANS	tool-abstract
pdtsc_049_3.08.t##5.1	Jak říkám , do Jugoslávie jsem <<verb:jezdila>> <<prep:se>> <<f%ACMP:sestrou>> , díky tomu , že měli možnost tam jezdit na dovolenou od podniku . 	ACMP	community
pdtsc_082_2.01.t##38.1	Takže <<verb:jezdíte>> jenom <<prep:s>> <<f%ACMP:manželkou>> ? 	ACMP	community
pdtsc_120_1.01.t##27.10	Teď se o mně nějak dozvěděli zase od jiné holky , která taky <<verb:chodila>> <<prep:s>> <<f%ACMP:námi>> do třídy a se kterou jsem se potom stýkala . 	ACMP	community
pdtsc_076_1.04.t##47.14	Protože shromažďuju cédéčka , která vypálím , do pouzder , které každé obsahuje čtyřicet cédéček , pravidelně jich <<verb:vozím>> třeba deset <<prep:s>> <<f%MANN:sebou>> a probírám si je tam . 	MANN	idiom
wsj0128.cz.t##2.3	Důvod : Rizika nových aktivit firem v oblasti " komerčního bankovnictví " se <<verb:zvyšují>> <<prep:s>> <<f%TPAR:ochuzováním>> příjmů z tradičních obchodů v tomto odvětví . 	COND	progressively
pdtsc_037_1.03.t##37.12	Na výplaty tam byl volský ocas , <<prep:s>> <<f%MEANS:tím>> to bolí , <<verb:řeže>> . 	MEANS	tool
wsj0037.cz.t##32.7	To všechno muselo být pro Katzensteina , který <<verb:přišel>> do společnosti Sony <<prep:s>> <<f%ACMP:diplomy>> z ekonomiky a informatiky a měl ambice vynalézt další walkman , neuvěřitelně frustrující . 	MANN	of-agent
pdtsc_078_3.00.t##10.1	<<verb:Začněme>> třeba <<prep:s>> <<f%ACMP:touhle>> . 	MANN	of-event	OTHER	other
wsj1490.cz.t##8.1	Akcie aerolinií se obvykle <<verb:prodávají>> <<prep:se>> <<f%ACMP:slevou>> kolem jedné třetiny z poměru tržní cena akcie - zisk na akcii , který je v současné době asi 13 násobek zisku . 	MANN	of-event
pdtsc_107_3.05.t##8.5	Tady je všechna technika , <<prep:s>> <<f%MEANS:kterou>> jsem <<verb:jezdil>> . 	MEANS	transport	MANN	of-agent
pdtsc_047_1.04.t##36.1	Vždycky <<verb:bereme>> <<prep:s>> <<f%MANN:sebou>> vnoučata po třech . 	MANN	idiom
pdtsc_035_2.06.t##33.5	" Počkejte , já <<prep:s>> <<f%MANN:sebou>> <<verb:vezmu>> nějaké cigarety a alkohol . " 	MANN	idiom
ln94205_118.t##65.9	Fr . Barát , trenér Bohemians : Domácí <<verb:hráli>> <<prep:s>> <<f%MANN:nadšením>> a vítězství si zasloužili . 	MANN	of-event
pdtsc_132_2.07.t##20.13	Když jsme to viděli , říkali jsme : " Letíme tím letadlem tamhle a <<verb:máme>> <<prep:s>> <<f%LOC:sebou>> malého . 	MANN	idiom
wsj1163.cz.t##20.6	V těchto " Letních hostech " jsou okamžiky , kdy postavy obývající rozlehlý několikapatrový venkovský dům ( který navrhla Victoria Petrovichová a vypadá jako karikatura na Franka Lloyda Wrighta ) <<verb:chrlí>> filozofické bonmoty <<prep:se>> sebevědomým ratatata <<f%MANN:rytmem>> komedie " Laugh In ( Zasmát se ) " . 	MANN	of-event
ln94210_92.t##9.1	<<prep:S>> <<f%MANN:trochou>> zjednodušení <<verb:lze>> říci , že se snažíme dospět do stavu , kdy společnost určuje pouze jakýsi základní rámec , pravidla hry , a univerzity se svobodně pohybují v tomto širokém prostoru . 	EXT	adequately		
wsj1120.cz.t##23.1	A Ministerstvo zahraničí <<verb:pracuje>> samo pro sebe <<prep:s>> <<f%MEANS:podporou>> japonských diplomatů , kteří štědře rozhazují peníze určené na pomoc po celém světě , aby si zajistili , že jejich místo u večerní tabule bude hned vedle hostitele . 	MEANS	mediator
pdtsc_060_2.11.t##18.1	<<verb:Jezdíte>> <<prep:s>> <<f%ACMP:manželem>> často ? 	ACMP	community
wsj0405.cz.t##40.1	I když by Japonsko považovalo sovětskou technologii za žádoucí , <<verb:přinášely>> by takové diskuze <<prep:s>> <<f%MANN:sebou>> spoustu politických komplikací . 	MANN	idiom
pdtsc_105_3.06.t##39.3	Myslím si , že se <<verb:dělalo>> <<prep:s>> <<f%ACMP:přestávkami>> asi tak od půl deváté do čtyř , do pěti . 	ACMP	association	CIRC	side-effect
pdtsc_064_2.11.t##44.12	Mám celý důchod , zůstala mi ještě nějaká koruna , takže teď mohu <<prep:s>> <<f%ACMP:přítelkyní>> <<verb:cestovat>> . 	ACMP	community
pdtsc_071_2.07.t##32.5	To bylo jediné , pak už jsme <<prep:se>> <<f%MEANS:zbraní>> jenom <<verb:cvičili>> . 	MEANS	tool
ln94200_64.t##25.25	Úspěšný vývoj této země v posledních letech se opírá o značně iracionální makroekonomický fenomén očekávání , ochota občanů přežít seriál cenových šoků stojí a <<verb:padá>> <<prep:s>> <<f%ACMP:důvěrou>> k vládě . 	COND	relation	COND	progressively
wsj0034.cz.t##15.2	Soukromí investoři se <<prep:s>> <<f%TPAR:léty>> od burzy <<verb:odvracejí>> a investiční firmy se snaží najít produkty , které by se makléřům dobře prodávaly . 	COND	progressively
faust_2010_07_jh_08.t##47.7	[ $ $ ] Další makléři odcházejí z velkých firem , <<verb:berou>> investory <<prep:s>> <<f%MANN:sebou>> 	MANN	idiom
wsj0374.cz.t##48.12	Několik spolehlivých akcií vykázalo silné zisky , kterým nahrály zvláštní faktory , avšak většina akcií <<verb:uzavřela>> <<prep:s>> malou <<f%ACMP:změnou>> . 	MANN	of-result
faust_2010_07_jh_01.t##26.5	Chtěl bych jít a <<verb:užívat>> krásnou lásku <<prep:s>> <<f%ACMP:někým>> , kdo vidí krásu ve stvoření přírody a zakoušení Boha . 	ACMP	community
ln94205_55.t##3.1	Kam , proč a <<prep:s>> jakým <<f%ACMP:záměrem>> chce vláda <<verb:vysílat>> na rozhlasových vlnách do zahraničí ? 	AIM	intent
wsj1732.cz.t##4.1	<<prep:Se>> vší <<f%MOD:pravděpodobností>> <<verb:plánuje>> koncern se sídlem v Los Angeles prodej svých podílů celkem ve 36 hotelích , zatímco korporace prodá své podíly na řízení ve 32 z těchto objektů . 	MOD	mod		
wsj0367.cz.t##2.1	A <<prep:s>> <<f%ACMP:ním>> <<verb:jede>> až 50 zaměstnanců firmy Specialized Bicycle Components Inc . 	ACMP	community
pdtsc_034_2.02.t##50.3	<<verb:Žila>> potom <<prep:s>> <<f%LOC:námi>> , byla z Liberce . 	ACMP	community
wsj0587.cz.t##12.1	Španělská socialistická strana <<verb:oznámila>> vítězství v celonárodních volbách <<prep:se>> <<f%MANN:slovy>> , že parlamentní většinu si o jedno místo uhájila . 	MANN	of-event	CIRC	side-effect
pdtsc_033_2.02.t##2.1	Úkol se <<verb:splnil>> , a řeknu to rovnou , <<prep:s>> odřenými <<f%MANN:zády>> . 	MANN	of-result
wsj1418.cz.t##32.1	<<prep:S>> <<f%TPAR:nárůstem>> výnosů generálních obligací New Yorku se index generálních obligací 20 vybraných obligací podle publikace Bond Buyer , nejvíce sledované měřítko trhu nezdanitelných dluhopisů , v týdnu , který skončil 19 . října , <<verb:držel>> na stálých 7.19 % . 	COND	progressively	MANN	of-result
ln95048_002.t##16.4	Na obchodní místo RM - S je nejlépe <<verb:dostavit>> se osobně <<prep:s>> platným občanským <<f%ACMP:průkazem>> . 	MANN	of-agent
pdtsc_029_2.11.t##24.1	Letos mě <<verb:vzal>> dokonce <<prep:s>> <<f%MANN:sebou>> do Davosu . 	MANN	idiom
wsj0590.cz.t##21.18	Senátor Boren oznámil šťastně novinářům , že s Bílým domem došli ke " vzájemnému porozumění " a že Výbor nabídl Bushovi " <<verb:začít>> <<prep:s>> čistým <<f%ACMP:stolem>> " , tj . bez překážek postavených v letech Reaganovy vlády . 	MANN	idiom	MANN	of-event
pdtsc_060_2.03.t##44.1	Obě jsme <<prep:s>> <<f%LOC:sebou>> <<verb:měly>> láhev od mlíka a pepř , protože jsem si někde přečetla , že kašpárek se dostal z pekla tím , že nasypal čertům u vrátnice pepř do očí . 	MANN	idiom
wsj1280.cz.t##10.2	Zatímco provozovatelé licence <<verb:měli>> <<prep:s>> <<f%REG:udržením>> prodeje obtíže , obchody provozované společností McDonald ' s uvedly za devět měsíců silný nárůst , kdy prodej na jednotku provozovanou společností vzrostl o 20000 dolarů . 	REG	regard
ln94210_97.t##5.1	Čech si snad <<prep:s>> <<f%COND:trochou>> fantazie dovede <<verb:představit>> , co může lákat čilou americkou komunitu v Praze na Čapkově R . U . R . , Goldflamově Agatománii či Kohoutově Požáru v suterénu . 	CIRC	condition	COND	because
cmpr9415_003.t##33.1	<<verb:Sledují>> pohyb zásilek doslova <<prep:se>> <<f%ACMP:stopkami>> v ruce . 	MANN	of-event		
mf920925_036.t##3.1	<<prep:S>> největší <<f%MOD:pravděpodobností>> bude bechyňský zámek z větší části k 1 . 1 . 1993 <<verb:vrácen>> knížecímu rodu Paarů , kteří zámek vlastnili do roku 1948 . 	MOD	mod		
ln94203_60.t##5.15	Nejsou prý peníze na předvolební kampaň , a tak není ani na plakáty a v Praze budete v příštích měsících bilboardy s tvářemi sociálnědemokratických lídrů <<verb:hledat>> <<prep:s>> největší <<f%MOD:pravděpodobností>> marně . 	MOD	mod		
wsj2372.cz.t##49.2	- by <<prep:s>> <<f%MANN:účinností>> od 2 . srpna 1989 <<verb:zabránily>> společnostem , které provedly nějaké akvizice na dluh , aby dosáhly vrácení federálních daní , to by vyplývalo ze ztrát způsobených placením úroků z úvěrů na financování těchto akvizicí . 	TSIN	validity
pdtsc_041_2.06.t##13.13	Ale jen na krátko , protože bral za maminku spíš paní z Kralup , která <<verb:žila>> <<prep:s>> jeho <<f%ACMP:otcem>> . 	ACMP	community
pdtsc_025_3.09.t##45.3	<<prep:S>> <<f%MEANS:tou>> jsem mohl <<verb:střílet>> jenom drobnou zvěř a škodnou , takže jsem žádný kapitální úlovek neměl . 	MEANS	tool		
ln94207_73.t##133.10	Bylo to strašně těžké , dosáhnout souhlasu , aby Spojené státy mohly <<verb:jednat>> by all means , <<prep:s>> <<f%MANN:využitím>> všech možných prostředků . 	MEANS	tool
ln94210_126.t##3.1	Páteční fotbalové derby Sparta - Slavia se <<prep:s>> největší <<f%MOD:pravděpodobností>> <<verb:odehraje>> již na čerstvě zrekonstruovaném stadionu na Letné . 	MOD	mod
wsj1303.cz.t##23.1	Dozen podle vlastní zprávy <<verb:nepořídil>> o moc lépe ani <<prep:s>> americkými <<f%REG:dluhopisy>> . 	REG	regard
pdtsc_139_1.05.t##35.1	Moje dcera <<verb:jela>> <<prep:se>> <<f%ACMP:mnou>> . 	ACMP	community
pdtsc_074_3.03.t##25.1	A jeden den <<prep:s>> <<f%TWHEN:nocí>> zase <<verb:prchli>> za druhými rodiči , protože tam taky pochopitelně musí jezdit . 	TWHEN	simultaneously		
wsj0776.cz.t##50.1	<<prep:S>> <<f%ACMP:manželkou>> tu <<verb:zůstaneme>> přes lyžařskou sezónu nebo až nám dojdou peníze - podle toho , co přijde dřív . 	ACMP	community
pdtsc_020_1.01.t##29.1	Jídlo se <<verb:vozilo>> <<prep:s>> <<f%MANN:sebou>> . 	MANN	idiom
wsj0580.cz.t##12.7	Na páteční schůzce s novináři Darman znovu prohlásil , že bude raději <<verb:žít>> <<prep:s>> paušálním <<f%ACMP:snižováním>> výdajů , než by přijal takový zákon o snižování deficitu , jaký schválila Poslanecká sněmovna , tj . zákon , který zvýší výdaje v příštích letech . 	MANN	of-event
pdtsc_031_1.00.t##23.11	Po cestě to nejelo , jeli na dřevěný plyn a pořád <<prep:s>> <<f%REG:tím>> něco <<verb:montovali>> . 	REG	topic
pdtsc_086_1.06.t##1.2	Když jsem jí ovšem <<verb:odjela>> <<prep:s>> <<f%ACMP:dětmi>> do Chodova , kde jsem většinou trávila víkendy , soboty , neděle , nebo všední dny , tak tam se mnou tchýně nebyla . 	ACMP	community
pdtsc_034_2.03.t##49.3	To jsme nemohli <<verb:vzít>> <<prep:s>> <<f%MANN:sebou>> , jenom holé životy jsme zachránili . 	MANN	idiom
wsj0518.cz.t##13.1	Znepokojení <<verb:roste>> <<prep:se>> zvýšeným <<f%TPAR:úsilím>> pojistitelů dobývat trh s malými podniky . 	COND	progressively
pdtsc_043_2.01.t##40.29	Řekla : " Já si to všechno udělám , umyju , ustelu , všechno si to odvezu na vozíku , " i když nemohla chodit o berlích , ani nemohla mít náhradní protézu , protože <<prep:s>> tou druhou <<f%REG:nohou>> to <<verb:má>> špatné . 	REG	regard
ln94202_97.t##1.1	<<prep:S>> <<f%ACMP:angažmá>> <<verb:změnil>> i občanství 	COND	relation
ln94211_89.t##8.6	Mikrofon posloužil jako štěnice : upřímné vyznání zároveň <<prep:s>> ministrovým <<f%ACMP:přítelem>> <<verb:vyslechly>> v přímém přenosu i miliony televizních diváků . 	ACMP	community	TWHEN	simultaneously
pdtsc_032_2.01.t##41.2	<<verb:Vzal>> mě hned <<prep:s>> <<f%MANN:sebou>> a zavedl mě do kanceláře ředitele toho družstva . 	MANN	idiom
pdtsc_052_1.08.t##3.7	Tenkrát jsem měl skútr , tak jsme <<prep:s>> <<f%MEANS:ním>> <<verb:projezdili>> celé Plzeňsko . 	MEANS	transport
wsj0345.cz.t##37.1	Společnost <<prep:s>> konečnou <<f%MANN:platností>> <<verb:odsouhlasila>> své převzetí firmou Ogden Corp . formou swapové transakce v hodnotě asi 82.5 milionu dolarů . 	OTHER	other	MANN	of-result
wsj0413.cz.t##54.3	<<verb:Dostavil>> se <<prep:s>> tesařskou <<f%ACMP:vodováhou>> , pečlivě změřil každou plochu a ukázal , jak je zdánlivé zmenšení způsobené perspektivou . 	MANN	of-agent		
pdtsc_014_2.00.t##12.6	Přišla posádka s Göringem , Göring si <<prep:s>> <<f%MANN:sebou>> <<verb:dovezl>> lagerältestra , vězně číslo jedna , osvětimského Brunu , známého zločince a vraha . 	MANN	idiom
ln94206_91.t##11.1	<<prep:S>> televizním <<f%MEANS:mikrobusem>> <<verb:vjíždíme>> do malé vesnice nedaleko Neveklova . 	MEANS	transport
ln95048_057.t##21.2	<<prep:S>> <<f%TWHEN:odstupem>> let projevy negativního postoje k někdejšímu mocnářství <<verb:přestaly>> být aktuální a jméno maršála Radeckého vymizelo z povědomí občanů právě tak jako jeho pomník odstraněný hned po první světové válce z Malostranského náměstí . 	COND	progressively
pdtsc_118_1.10.t##8.1	<<verb:Jezdil>> jsem tam <<prep:s>> <<f%MEANS:autem>> . 	MEANS	transport
pdtsc_126_2.05.t##38.1	<<verb:Sedíme>> tam <<prep:s>> mým <<f%ACMP:švagrem>> botanikem , který vedl Ústav ochrany přírody v Plzni a hned po studiích zakládal ochranu přírody vůbec . 	ACMP	community
wsj0405.cz.t##9.5	Fakt , že by se Moskva <<prep:se>> svou chátrající hospodářskou <<f%ACMP:mašinérií>> <<verb:pokoušela>> prodat vyspělé technologie právě Japonsku , jednomu z předních světových výrobců v oblasti vyspělých technologií , lze přirovnat k nošení dříví do lesa . 	MANN	of-agent
ln94203_126.t##4.2	<<prep:S>> osmnácti <<f%ACMP:góly>> se <<verb:stal>> králem střelců a vyhlédl si jej ligový nováček Viktoria Žižkov . 	MANN	of-agent
ln95046_123.t##9.25	Jako k ostatním akciím , které doplňují počet akcií z první vlny , bylo i akciím ČEZ 2 přiřazeno validační číslo ( tj . úředně stanovená cena , <<prep:se>> <<f%ACMP:kterou>> akcie <<verb:vstupuje>> na burzu ) ve výši kursu ze 14 . února , tedy posledního dne před přerušením obchodu . 	MANN	of-agent
wsj0587.cz.t##32.6	Klub Oakland Athletics <<prep:s>> <<f%MANN:přehledem>> <<verb:porazil>> klub San Francisco Giants ve čtyřech hrách , a vyhrál tak Světovou sérii v baseballu . 	MANN	of-result
pdtsc_074_3.07.t##46.3	<<prep:S>> <<f%REG:houbami>> nejvíce <<verb:sušíme>> , protože to je jednak nejjednodušší , řekla bych , ale taky nakládáme houby do octa . 	REG	topic
cmpr9415_004.t##28.1	Výroba v provozovně ve Frýdku - Místku <<verb:začala>> od 2 . pololetí 1993 <<prep:s>> <<f%ACMP:možností>> denní produkce až 700 m 2 . 	MANN	of-event
pdtsc_046_1.01.t##1.2	Je to <<verb:děláno>> ještě <<prep:s>> deskovým <<f%MEANS:aparátem>> a tato fotka vyhrála soutěž na fotografické výstavě . 	MEANS	tool
wsj1015.cz.t##8.2	Ve středu <<verb:začala>> tato burza <<prep:se>> stoupající <<f%MEANS:tendencí>> s velkým obratem a ignorovala nestabilitu newyorských akcií . 	MANN	of-agent		
wsj1599.cz.t##16.10	" To znamená , že firma AT & T to <<verb:myslí>> <<prep:s>> <<f%REG:pokračováním>> řízení struktury nákladů vážně a že se zavázala k ročnímu růstu výdělků o 20 % , " uvedl Jack Grubman , analytik společnosti PaineWebber Inc . 	REG	regard
ln95047_142.t##69.14	Raději včas , dokud se nenaplní úsloví " Na každého jednou dojde , " které tak <<prep:s>> <<f%MANN:oblibou>> <<verb:používáme>> , někdy s přídechem škodolibosti , jindy s pohledem věštkyně Sibyly . 	MANN	of-event
wsj2057.cz.t##36.6	Obchodníci z Wall Street tvrdí , že firmy obchodující s cennými papíry si <<prep:s>> makléřskými <<f%ACMP:provizemi>> , které jsou dnes mnohem nižší než v 70 . letech , nemohou <<verb:dovolit>> riskovat nákup příliš mnoha akcií . 	REG	regard
wsj2446.cz.t##18.7	Navíc senátor McCain minulý týden zveřejnil , že <<prep:se>> <<f%TWHEN:zpožděním>> <<verb:zaplatil>> 13433 dolarů společnosti American Continental jako refundaci za cesty , které on a jeho rodina podnikli od roku 1984 do roku 1986 tryskovým letadlem této společnosti do Keatingova rekreačního sídla v Cat Cay na Bahamách . 	MANN	of-result
wsj1424.cz.t##36.1	Vzhledem k tomu , že Spojené státy jsou i přesto stále vnímány jako svázané s Barrem , tak až odejde , mohla by <<prep:s>> <<f%ACMP:ním>> <<verb:odejít>> i přistávací dráha . 	ACMP	association
pdtsc_103_2.05.t##11.1	<<verb:Jezdili>> jste lyžovat i <<prep:se>> <<f%ACMP:synem>> ? 	ACMP	community
pdtsc_099_3.07.t##43.8	Poznaly jsme se v rekreačním středisku na Butově , kde jsme <<prep:s>> <<f%ACMP:manželem>> <<verb:správcovali>> , a ona tam k nám jezdila jako rekreant a potom i jako personál . 	ACMP	community
pdtsc_107_3.00.t##29.1	Jak je tady ta Tatra " káháčko " třetí zleva , tak <<prep:s>> <<f%MEANS:tím>> <<verb:jezdím>> na zásahy ještě teďka - na tlakování vody nebo mytí fasád a takovéhle práce , co jsou k tomu . 	MEANS	transport
ln95047_042.t##20.11	Článek 26 je tedy podle tohoto výkladu třeba aplikovat tak , aby <<verb:odrážel>> reálné praktické možnosti pozice této osoby <<prep:s>> <<f%ACMP:cílem>> zajistit jí efektivní ochranu práv a svobod chráněných Úmluvou . 	AIM	intent
pdtsc_120_1.05.t##20.9	Dělal nám tam kulturního průvodce a zároveň <<prep:s>> <<f%ACMP:námi>> <<verb:chodil>> i na ty túry . 	ACMP	community
pdtsc_104_3.06.t##29.1	Na Lomnický štít jsem <<prep:s>> <<f%ACMP:nimi>> i <<verb:vyjela>> . 	ACMP	community
pdtsc_025_3.00.t##8.1	<<verb:Začněme>> třeba <<prep:s>> <<f%ACMP:touhle>> . 	REG	regard
wsj0765.cz.t##5.1	Až se prach zvířený v nechutném boji o starostu usadí , <<prep:s>> největší <<f%MOD:pravděpodobností>> se správy města <<verb:ujme>> David Dinkins , muž , který svůj život zasvětil politické kariéře . 	MOD	mod
wsj1054.cz.t##2.9	" Naplno pracujte a naplno odpočívejte " je rada , kterou byste se měli <<verb:řídit>> <<prep:s>> určitou <<f%ACMP:rezervou>> , jelikož vám může přinést buď dobrou kondici a úspěch , nebo stav naprostého vyčerpání . 	ACMP	association	MANN	of-event
pdtsc_120_1.05.t##2.7	Vždycky jsem se tam s někým seznámila a nemusela jsem <<verb:mít>> někoho <<prep:s>> <<f%MANN:sebou>> . 	MANN	idiom
pdtsc_060_2.04.t##7.4	Seznámili jsme se tak , že on tam <<verb:přijel>> na kánoi <<prep:s>> <<f%ACMP:partou>> asi čtyř dalších vodáků se spoustou dětí . 	ACMP	community
pdtsc_018_1.00.t##9.8	Mladší má dokonce veliké potíže , měla už <<verb:jít>> kolikrát na operaci <<prep:s>> <<f%REG:páteří>> , ale bojí se . 	REG	regard
pdtsc_091_3.08.t##17.1	Přestože mají docela pěkný byt na Lochotíně , tak <<verb:žijou>> <<prep:s>> <<f%ACMP:pejsky>> na chatě na Výsluní v Plzni v hrozných podmínkách , jak životních , tak hygienických . 	ACMP	community	CIRC	side-effect
pdtsc_035_2.00.t##39.6	Chodil k transportům a jednou mě <<verb:vzal>> <<prep:s>> <<f%MANN:sebou>> , tak jsem zažila tu hrůzu . 	MANN	idiom
pdtsc_075_2.04.t##25.2	<<prep:S>> touhle <<f%ACMP:kapelou>> jsem <<verb:hrál>> asi sedm let , potom jsem šel do Rokycan a tam jsem hrál 25 let . 	ACMP	community
cmpr9410_027.t##18.1	<<prep:S>> <<f%REG:prodejem>> samotných počítačů by však firma <<verb:neobstála>> . 	REG	regard
wsj0128.cz.t##12.8	To , co znepokojuje kreditně hodnotící koncerny nejvíce , je , že wallstreetské firmy dlouhodobě <<verb:riskují>> <<prep:se>> svým vlastním <<f%MEANS:kapitálem>> skrze spekulativní nákupy a financování podřadných dluhopisů . 	REG	regard	MEANS	material
wsj1474.cz.t##4.1	Jen <<prep:s>> malou <<f%MEANS:pomocí>> vlády se tyto začínající společnosti <<verb:snaží>> konkurovat goliášům japonského průmyslu spotřební elektroniky , kterým se dostává výrazné podpory japonské vlády . 	MEANS	mediator	MEANS	tool-abstract
pdtsc_032_2.02.t##14.3	Kolikrát jsem si <<verb:vzal>> ještě taky něco <<prep:s>> <<f%MANN:sebou>> , což bylo zakázané , ale víte . . . 	MANN	idiom
pdtsc_139_1.03.t##36.9	To je vyfocené v Dolanech někde v lese na lesní cestě , kam <<verb:chodí>> <<prep:s>> <<f%ACMP:kobylkou>> na procházku . 	ACMP	community	AIM	intent
pdtsc_104_3.11.t##16.1	Jídlo jsme si <<verb:nesli>> <<prep:s>> <<f%MANN:sebou>> . 	MANN	idiom
pdtsc_066_3.10.t##4.1	<<verb:Brávala>> jsem si je i <<prep:s>> <<f%MANN:sebou>> na dovolenou do Svitav . 	MANN	idiom
ln95048_051.t##178.1	Nakonec ale u jednoho salámovníku hoch náš busík <<prep:s>> <<f%ACMP:úsměvem>> <<verb:opouští>> . 	MANN	of-agent
wsj2431.cz.t##25.18	Nejdřív přišla jeho očekávaná kanonáda : Obvinil Koalici levice a pokroku , že zaprodala své levicové zásady , když se <<verb:podílí>> na pravicovém spiknutí <<prep:s>> <<f%AIM:cílem>> vytlačit PASOK a zmařit socialistický vývoj v Řecku . 	AIM	intent
wsj0207.cz.t##27.25	Každopádně to byla škoda , protože Stoltzman nabídl nejpodstatnější hudbu večera právě po přestávce : " Kontrapunkt New York " Steva Reicha , jedno z řady Reichových děl , která vedle sebe <<verb:kladou>> živého hráče <<prep:s>> <<f%ACMP:nahrávkami>> jeho hraní . 	ACMP	association	CPR	compared
wsj0592.cz.t##29.7	Na červnovém summitu Evropského společenství se zdálo , že Thatcherová své námitky proti plnému členství v EMS <<verb:zmírnila>> <<prep:se>> <<f%ACMP:slovy>> , že Británie se právoplatným členem stane , až klesne míra inflace a ES zliberalizuje kapitálové převody . 	CIRC	side-effect
pdtsc_127_1.06.t##7.10	Petr má podnikatelskou školu , taky má maturitu , a <<verb:jezdí>> <<prep:s>> <<f%ACMP:autem>> zahraniční cesty u jednoho dopravce . 	MEANS	transport	MANN	of-agent
wsj1367.cz.t##57.5	Ve své kuchařce , kterou <<verb:vydává>> Macmillan tento měsíc v měkkých deskách ( <<prep:s>> upraveným <<f%ACMP:receptem>> na bliny tak , aby se daly připravit ) , uvádí každou kapitolu příslušnými citáty z ruské literatury : Puškinův o blinách , Gončarovův o pirozích . 	CIRC	side-effect
ln94207_84.t##23.1	To vše a mnohé jiné nás škola <<prep:s>> <<f%MANN:radostí>> <<verb:naučí>> . 	MANN	of-result	MANN	of-agent
pdtsc_132_2.07.t##46.1	<<prep:S>> <<f%REG:telefonem>> jsme to <<verb:neuměli>> . 	REG	regard	MEANS	tool
pdtsc_034_2.02.t##32.1	Maminka veškerý majetek , peřiny , všechno prádlo , <<verb:vzala>> <<prep:s>> <<f%DIR3:sebou>> . 	MANN	idiom
pdtsc_126_2.11.t##33.7	To byl taky dětský sen , že v létě <<verb:pojedu>> <<prep:s>> <<f%ACMP:lyžemi>> a budeme lyžovat . 	MANN	of-agent
mf920922_129.t##11.18	Vítězství stoupenců těsnějšího propojení Evropy ve francouzském referendu o maastrichtské smlouvě o Evropské unii bylo v bruselském sídle ES <<verb:přijato>> <<prep:s>> očividným <<f%MANN:uspokojením>> , nikoliv však euforií . 	MANN	of-event
wsj2168.cz.t##8.7	Mnoho institucí a individuálních investorů se <<prep:s>> <<f%ACMP:obavami>> od indexových derivátů <<verb:odvrátilo>> a viní je z urychlení krachu akciového trhu během Černého pondělí před dvěma lety . 	MANN	of-agent	COND	because
pdtsc_135_3.04.t##15.17	Taky mám takové vzpomínky , když se mi ten bratříček narodil , dala mi ho mami do kočárku a <<verb:jela>> jsem <<prep:s>> <<f%ACMP:ním>> na procházku . 	ACMP	community
pdtsc_020_1.02.t##1.1	Většinou se <<verb:jezdilo>> <<prep:se>> <<f%ACMP:synem>> na závody . 	ACMP	community	COND	because
mf930713_082.t##5.9	Juppé včera též jednal s premiérem Klausem a tři hodiny <<verb:strávil>> <<prep:s>> ministrem zahraničí <<f%ACMP:Zieleniecem>> . 	ACMP	community
pdtsc_142_3.07.t##47.1	<<verb:Vzala>> si ho <<prep:s>> <<f%MANN:sebou>> , protože jezdili autem . 	MANN	idiom
pdtsc_122_1.08.t##38.8	Chlapci se okamžitě vyslíkli a z pokoje , kde <<verb:spala>> maminka právě <<prep:s>> <<f%ACMP:tím>> mladším , honem všechno vyházeli ven , abychom aspoň peřiny zachránili . 	ACMP	community
wsj0610.cz.t##44.3	Další údaje společnost odmítla <<verb:poskytnout>> <<prep:s>> <<f%MEANS:odvoláním>> na konkurenční důvody . 	COND	because
wsj1317.cz.t##26.4	Roman řekl , že <<prep:s>> <<f%ACMP:nabídkou>> práce za ním <<verb:přišel>> Robinson ze společnosti American Express poprvé na konci září . 	REG	regard
wsj1469.cz.t##57.11	Obchodníci , kteří nakoupili zboží za ceny vyšší než tento strop , nechtějí <<verb:prodat>> <<prep:se>> <<f%RESL:ztrátou>> a nechávají si zásoby . 	MANN	of-result
pdtsc_028_3.11.t##38.1	<<verb:Měli>> jsme <<prep:s>> <<f%MANN:sebou>> vypůjčené sedáky . 	MANN	idiom
ln94206_65.t##24.1	Celní unie se Slovenskem - i přes proklamace o důležitosti vzájemné výměny zboží - <<prep:s>> pokračujícími <<f%ACMP:zásahy>> slovenské strany do svobody obchodu zvolna <<verb:umírá>> . 	COND	progressively
pdtsc_099_3.07.t##31.1	Ještě jsme <<verb:měly>> <<prep:s>> <<f%LOC:sebou>> naši fenku Kitynku . 	MANN	idiom
cmpr9410_024.t##21.1	* <<verb:Nevznikne>> <<prep:s>> <<f%REG:asociací>> určitý monopol , který bude zvýhodňovat členy a usilovat o jejich výhradní postavení na trhu ? 	COND	relation
pdtsc_032_2.00.t##17.4	Chtěli , abych <<prep:s>> <<f%MANN:sebou>> <<verb:přivezl>> i doklady a tak dále , ale neměl jsem vůbec nic . 	MANN	idiom
pdtsc_034_2.01.t##8.2	<<prep:S>> odřenýma <<f%MANN:ušima>> jsem se tam <<verb:dostala>> , to bylo úplně špatně , to už si nepamatuju . 	MANN	of-result
wsj1004.cz.t##18.33	Detaily na čipu ale dnes musí být mimořádně jemné a vlnové délky rovnoměrného ultrafialového světla jsou příliš dlouhé , takže obrazy , které kreslí , mohou být dost rozmazané - stejně jako by někdo <<prep:s>> tlustým <<f%MEANS:štětcem>> mohl udělat širokou čáru , ale s namalováním tenké by <<verb:měl>> potíže . 	MEANS	tool
wsj1014.cz.t##3.1	Avšak <<prep:s>> <<f%TPAR:odchodem>> opojných dní rostoucího obratu v odvětví se kdysi ojedinělé a krátké slevy <<verb:stávají>> v pivním průmyslu běžnými konkurenčními zbraněmi . 	COND	progressively
pdtsc_027_1.01.t##38.1	Ve starém bytě jsem <<verb:bydlela>> ještě <<prep:se>> svým <<f%ACMP:synem>> do jeho šestnácti let . 	ACMP	community
ln94205_141.t##15.1	Z průmyslových zemí loni znovu <<verb:získaly>> vedoucí pozici příjemce kapitálu USA <<prep:s>> 32 <<f%ACMP:miliardami>> dolarů . 	MANN	of-result	CIRC	side-effect
wsj1847.cz.t##40.3	Vzhledem k pokrytectví , <<prep:s>> <<f%MEANS:nímž>> Kongres <<verb:řeší>> skandály kolem HUD , s tím nesouhlasíme . 	MANN	of-event		
pdtsc_087_3.06.t##41.1	<<verb:Měli>> jsme <<prep:s>> <<f%LOC:sebou>> svoje polívky . 	MANN	idiom
pdtsc_019_1.04.t##36.17	Byla ale ráda a pookřála tam , když si mohla popovídat a posedět s příbuznými a známými , <<prep:se>> <<f%ACMP:kterými>> tam léta <<verb:žila>> . 	ACMP	community
wsj1133.cz.t##5.2	Takové tvrzení by <<prep:s>> největší <<f%MOD:pravděpodobností>> <<verb:vyvolalo>> ze strany Kongresu vznesení námitky soudní cestou , ta by pak měla objasnit , zda prezident skutečně už takovou pravomoc má . 	MOD	mod		
pdtsc_115_3.10.t##45.2	Když jsme <<verb:chodili>> <<prep:s>> <<f%ACMP:přítelem>> , tehdy nebyl ještě můj manžel , procházkou , tak jsme chodili spodem . 	ACMP	community
pdtsc_071_2.02.t##14.1	<<verb:Prožila>> <<prep:se>> <<f%ACMP:mnou>> celé své mládí . 	ACMP	community
pdtsc_041_2.05.t##50.1	Pak jsem <<verb:měla>> starosti <<prep:se>> státním <<f%REG:občanstvím>> , protože jsem se chtěla vdávat . 	REG	regard
ln94206_130.t##24.10	Snad <<prep:s>> <<f%ACMP:věkem>> ( necelých 32 let - pozn . red . ) si tuto úlohu <<verb:ulehčuje>> a začíná se stahovat mezi obranu a zálohu . 	COND	progressively
cmpr9415_003.t##16.9	V minulosti se často stávalo , že průsmyky v horách zasypal sníh a zásilky <<verb:dorazily>> na místo <<prep:s>> několikadenním <<f%TWHEN:zpožděním>> . 	MANN	of-result
wsj2172.cz.t##57.16	Piloti by mohli hrát tvrdě a poznamenat , že jsou zásadní v každém prodeji nebo restrukturalizaci , protože mohou odmítnout <<prep:s>> <<f%MEANS:letadly>> <<verb:létat>> . 	MEANS	transport
pdtsc_062_2.03.t##23.10	Všude kolem byli tenkrát lidi , kteří nám fandili a <<verb:křičeli>> <<prep:s>> <<f%ACMP:námi>> hanlivá hesla proti Gottwaldovi . 	ACMP	community
ln94208_3.t##21.8	Zákazník nemá všude možnost se <<prep:s>> <<f%MEANS:autem>> <<verb:projet>> , takže se spoléhá na informace z tisku a od přátel . 	MEANS	transport
ln95048_012.t##4.9	Na začátku stál vzpomínkový večer na Dominika Tatarku v květnu 1994 , který <<verb:uspořádala>> Nadace Milana Šimečky <<prep:s>> <<f%ACMP:podporou>> Nadace Heinricha Bölla a Nadace Pro Helvetia . 	MEANS	tool-abstract
wsj2154.cz.t##15.21	Pan Crary řekl , že výpověď Francise T . Carra ze společnosti Kenyon & Kenyon , právního zástupce patentů Kodaku , ukazuje , že s Kodakem neustále <<verb:spolupracoval>> už od začátku projektu <<prep:s>> <<f%ACMP:úmyslem>> vyhnout se porušení pravidel . 	AIM	intent
wsj2369.cz.t##24.1	Jak napsala Elizabeth Kristolová v New York Times těsně před rozruchem kolem Masona , " nesnášenlivost by možná <<verb:nevypěnila>> <<prep:s>> takovou <<f%MANN:intenzitou>> , kdyby se poctivé rozdíly nechaly jen mírně vřít " . 	EXT	large	MANN	of-event
pdtsc_039_1.02.t##28.3	<<verb:Vzala>> jsem si <<prep:s>> <<f%DIR3:sebou>> dvě malé děti na hlídání , vždycky jsem se pro ně zastavila . 	MANN	idiom
pdtsc_118_1.01.t##38.11	Šel jsem do kabiny a zeptal jsem se , co dělá jeho švagr , <<prep:se>> <<f%ACMP:kterým>> jsem <<verb:chodil>> cvičit v Praze do Sokola Vinohrady . 	ACMP	community
ln95045_042.t##3.1	Společně s newyorským hiphopovým diskžokejem , který si říká Hurricane , a <<prep:s>> dívčí rap - jazzovou <<f%ACMP:skupinou>> Luscious Jackson ( kde hraje i původní bubenice Beastie Boys Kate Schellenbachová ) se <<verb:představí>> na pozvání agentury 10 : 15 Promotion zítra v pražské Sportovní hale na Výstavišti . 	ACMP	community
pdtsc_059_2.01.t##25.6	Pozvali je na návštěvu , mě <<verb:vzali>> <<prep:s>> <<f%MANN:sebou>> , protože jsme spolu s bratrem jedna rodina . 	MANN	idiom
wsj0606.cz.t##14.1	Jak bylo již dříve oznámeno , jeden člen filipínské Poslanecké sněmovny <<verb:podal>> žalobu <<prep:s>> <<f%AIM:cílem>> továrnu zastavit . 	AIM	intent
wsj2300.cz.t##34.1	Aby spekulanti vykompenzovali své ztráty , <<verb:začali>> <<prep:s>> dalším <<f%TPAR:šířením>> paniky prodávat bezpečné akcie společností jako Philip Morris a International Business Machines . 	OTHER	other		
ln95048_057.t##5.1	<<prep:Se>> <<f%ACMP:zájmem>> jsem totiž <<verb:sledovala>> , jak dokáže poznamenat slovní zásobu uživatelů věkový odstup . 	MANN	of-event
pdtsc_144_3.01.t##33.7	Občas jsme si něco koupili , ale většinou jsme <<verb:měli>> <<prep:s>> <<f%LOC:sebou>> svoje zásoby . 	MANN	idiom
mf930713_006.t##7.1	Ale hned <<prep:s>> následující <<f%ACMP:inscenací>> Dorstovy hry Fernando Krapp mi napsal dopis <<verb:obsadil>> v anketě kritiků za loňský rok druhé místo . 	MANN	of-agent
wsj1131.cz.t##39.1	Například Správa drobného podnikání <<verb:měla>> <<prep:se>> svým <<f%REG:Programem>> pro zvýhodněné věřitele při snižování záručních sazeb i míry neplnění závazků značný úspěch . 	REG	regard
faust_2010_07_es_11.t##3.1	<<prep:S>> <<f%TPAR:rozvojem>> průmyslu se znečištění vody <<verb:stává>> závažnějším . 	COND	progressively
wsj0112.cz.t##17.10	Druhý článek totiž ukládá prezidentovi povinnost nominovat " a na doporučení a <<prep:se>> <<f%ACMP:souhlasem>> senátu " <<verb:jmenovat>> velvyslance , soudce a další úředníky Spojených států . 	MANN	of-event	COND	because
pdtsc_034_2.03.t##31.2	Nějaké jídlo jsme <<verb:měli>> <<prep:s>> <<f%LOC:sebou>> , ale byly jsme malé děti , nemohly jsme to všechno tak rychle absolvovat . 	MANN	idiom
wsj1499.cz.t##39.1	Ale <<prep:s>> přicházejícím <<f%ACMP:schválením>> těchto nových programů Bush jistě <<verb:odešle>> mnoho lidí spěšně nazpátek do houštin předpisů , které pomáhal prosekávat . 	COND	progressively
pdtsc_140_1.04.t##36.14	Byl velký nimrod , měl tam v nájmu asi 400 hektarů lesa , takže jsme <<prep:s>> <<f%ACMP:ním>> <<verb:chodili>> hlavně do lesa . 	ACMP	community
pdtsc_021_1.06.t##2.11	Měli jsme hodně práce , ale Pán Bůh mně to vynahradil tím , jaký krásný život jsem <<prep:s>> <<f%ACMP:ním>> <<verb:měla>> . 	ACMP	community
pdtsc_105_3.11.t##47.2	Manžel se mi tam v poušti na velbloudu <<verb:ztratil>> <<prep:s>> nějakou <<f%ACMP:paní>> , já zase s tím pánem , v legraci jsme odklusali . 	ACMP	community
wsj0120.cz.t##11.1	SBÍRKY FOTOGRAFIÍ <<verb:získávají>> nový význam <<prep:s>> <<f%TPAR:růstem>> cen . 	COND	progressively
ln95048_117.t##19.13	Vstup do strany , postupné zklamání , posilované jak ubíhajícím časem , tak tím , že <<prep:s>> rozšiřujícím se <<f%ACMP:obzorem>> se <<verb:vkrádaly>> pochybnosti . 	COND	progressively
pdtsc_068_2.07.t##46.1	Když potřebuje třeba k lékaři nebo na nákupy , tak <<verb:přijedou>> do Hradce <<prep:s>> <<f%ACMP:vnoučkem>> . 	ACMP	community
wsj0346.cz.t##7.13	Tato společnost , která má v současné době 13.5 milionu kmenových akcií v oběhu , uvedla , že <<verb:nemá>> <<prep:s>> těmito <<f%REG:akciemi>> žádné konkrétní plány . 	REG	regard
pdtsc_053_2.06.t##46.8	Koupila jsem si i trekingové hole , takže <<verb:chodím>> po horách <<prep:s>> <<f%MEANS:holemi>> . 	MEANS	tool
pdtsc_008_2.00.t##16.1	<<prep:S>> <<f%MEANS:tím>> mě <<verb:dopravili>> do Jeruzaléma . 	MEANS	transport
wsj0426.cz.t##2.1	Zabijáci <<verb:utekli>> <<prep:s>> <<f%ACMP:méně>> než 100 dolary . 	MANN	of-agent	MANN	of-result
lnd94103_150.t##2.1	Nadace Adventistická agentura pro pomoc a rozvoj ( Adra ) <<prep:s>> <<f%ACMP:kamiony>> <<verb:vysílá>> 138 tun potravin , zdravotnického materiálu a šatstva na pomoc obyvatelům Bosny . 	MEANS	tool	MEANS	transport
pdtsc_144_3.00.t##8.1	<<verb:Začněme>> třeba <<prep:s>> <<f%ACMP:touhle>> . 	REG	regard
pdtsc_148_3.07.t##6.1	Co <<verb:dělali>> <<prep:s>> tím <<f%MEANS:dalekohledem>> na fotce ? 	MEANS	tool
ln94207_54.t##24.24	Dvě výhry z US Open mu scházejí , aby dostihl druhého Vica Seixase , který na americkém mistrovství dosáhl v rozmezí let 1940 - 69 pětasedmdesáti vítězství ( <<verb:vede>> Connors <<prep:s>> <<f%ACMP:98>> ) . 	MANN	of-agent
ln94210_73.t##13.15	Pověstí předsedy LSNS Pavla Hirše , který vedl stranu v levopravých peripetiích a jehož každé zakotvení je v politickém světě <<verb:bráno>> <<prep:s>> <<f%MANN:nedůvěrou>> . 	MANN	of-event
pdtsc_106_3.09.t##36.1	<<verb:Jezdil>> <<prep:se>> <<f%ACMP:mnou>> normálně v trabantu na vedlejším sedadle . 	ACMP	community
ln94211_92.t##12.13	V článku Srpnový den ( Lit . noviny č . 35 ) L . Vaculík naznačuje , <<prep:s>> <<f%MEANS:čím>> <<verb:zahájí>> svou předvolební kampaň , jaké budou podmínky , jež položí stranám ucházejícím se o jeho přízeň . 	MEANS	tool	MEANS	tool-abstract
wsj0453.cz.t##14.2	Jiné reklamy <<prep:se>> <<f%MEANS:získáváním>> příspěvků <<verb:nezatěžují>> , a dojemná , ne - li sebeděkovná reklama společnosti American Telephone & Telegraph , která se vysílala v neděli , ukazovala záběry zničeného San Franciska a Charlestonu ve státě Jižní Karolína spolu s rozhovory lidí , kteří líčili , jak jim společnost AT & T pomohla . 	MEANS	tool-abstract		
pdtsc_142_3.07.t##30.1	Furt <<prep:s>> <<f%LOC:sebou>> <<verb:tahá>> aparát . 	MANN	idiom
ln94211_60.t##6.7	Policisté budou muset kromě jiného hledat odpovědi na otázky , proč se žena <<verb:vracela>> do bytu zachváceného ohněm i <<prep:s>> malým <<f%ACMP:děckem>> , proč jim nikdo nepomohl a proč byli hasiči přivoláni až po hodině . 	ACMP	community
pdtsc_070_2.14.t##12.4	Byla jsem v kanceláři , kde jsem <<verb:dělala>> <<prep:s>> <<f%MEANS:monitorem>> . 	MEANS	tool
pdtsc_044_2.02.t##21.1	<<prep:Se>> <<f%ACMP:sestřenicí>> jsme vždycky , když už jsme byly velké , <<verb:honily>> husy vykoupat do rybníka . 	ACMP	community
pdtsc_108_2.01.t##36.1	<<verb:Jezdili>> jste <<prep:se>> <<f%MANN:školou>> často na výlety ? 	ACMP	community	CIRC	condition
wsj0758.cz.t##31.8	Pan Engelken se přestěhoval na jih do Washingtonu , ale trvalé vzpomínky na homerun z roku 1951 si <<verb:vzal>> si <<prep:s>> <<f%MANN:sebou>> . 	MANN	idiom
mf920922_057.t##34.7	Doufám ale , že zvítězí rozum a že všechny problémy reprezentace se budou <<verb:řešit>> <<prep:s>> kvalifikovanými <<f%ACMP:lidmi>> , což jsou především funkcionáři federálních svazů . " - 	ACMP	community	MEANS	mediator
pdtsc_087_3.05.t##43.5	To je ten kolega , <<prep:s>> <<f%ACMP:kterým>> jsme , jak říkám , <<verb:jezdili>> hlavně hodně na vodu . 	ACMP	community
wsj2308.cz.t##5.1	Firma Boeing <<prep:s>> největší <<f%ACMP:pravděpodobností>> <<verb:pošle>> do konce roku společnosti America West také další dvoumotorové letadlo 757 a též jednu 737 . 	MOD	mod
pdtsc_077_3.00.t##34.1	Potom už jsem <<verb:chodila>> i <<prep:s>> <<f%ACMP:dětmi>> ze vsi . 	ACMP	community
pdtsc_050_3.07.t##47.5	To je fotka na lokomotivě , <<prep:se>> <<f%MEANS:kterou>> jsem <<verb:začal>> kariéru strojvedoucího . 	MEANS	tool
pdtsc_041_2.06.t##18.1	Potom , když už jsem měla po svatbě první dceru , jsem <<verb:jezdila>> šest let ve vozovně Motol <<prep:s>> <<f%MEANS:tramvají>> . 	MEANS	transport	MEANS	tool
ln95049_057.t##5.11	Tento zájem si Kraus vysloužil zřejmě nejen nonkonformitou , ale i sarkasmem , <<prep:s>> <<f%MEANS:nímž>> v četných polemikách <<verb:likvidoval>> své nepřátele . 	MEANS	tool-abstract
pdtsc_039_1.03.t##47.5	Strašně na mě ovšem působilo , že z venku , stáli asi na stupátkách , věčně <<verb:svítili>> <<prep:s>> velkými <<f%MEANS:baterkami>> kolem vagónů . 	MEANS	tool
wsj2372.cz.t##55.1	- <<prep:s>> <<f%MANN:účinností>> od srpna 1990 by <<verb:urychlily>> vybírání odvodů z vyplacených mezd od velkých společností . 	TSIN	validity
wsj0692.cz.t##36.8	Když se přičtou záporné peníze a <<prep:s>> <<f%MANN:použitím>> pravděpodobnějšího odhadu inflace se <<verb:přepočítá>> zbývající část programu , vyjdou nám náklady na základní program mezi lety 1990 a 1994 ve výši 1.7 bilionu dolarů . 	COND	because		
pdtsc_060_2.07.t##23.9	Učili jsme ji to tam , protože jsme se ze začátku báli <<verb:jít>> <<prep:s>> <<f%ACMP:ní>> na vodu . 	ACMP	community
wsj1411.cz.t##34.1	<<prep:S>> <<f%ACMP:potěšením>> <<verb:vypráví>> historku o tom , jak se na rozlehlém ranči při jedné ze svých prvních návštěv ztratil , uchýlil se do jedné z kanceláří a zavolal na recepci o pomoc . 	MANN	of-event
wsj2082.cz.t##3.9	Federální rezervní úřad ostře vystupoval proti původnímu návrhu zákona , který byl veřejně <<verb:kritizován>> přáteli představitelů úřadu <<prep:s>> <<f%ACMP:cílem>> podrýt nezávislost centrální banky . 	AIM	intent
ln95045_071.t##9.1	<<prep:S>> <<f%ACMP:úlevou>> , že se zbavili víceméně povinného členství v KSČ , se však <<verb:dostavil>> i pocit provinění a ztráta potřebného velitelského sebevědomí . 	ACMP	association	COND	progressively
pdtsc_106_3.06.t##11.1	<<prep:S>> <<f%MEANS:velorexem>> , bude to potom ještě na dalších fotkách , jsme <<verb:sjezdili>> hodně . 	MEANS	transport
wsj0125.cz.t##9.1	7.20 % - ní termínované dluhopisy v hodnotě 81.8 milionu dolarů a splatné v roce 2009 byly <<verb:oceněny>> na 99 1 / 4 <<prep:s>> <<f%ACMP:výnosem>> 7272 % . 	MANN	of-result
pdtsc_141_1.07.t##7.5	To je Škoda 1203 , <<prep:se>> <<f%MEANS:kterou>> jsem <<verb:jezdil>> . 	MEANS	transport
pdtsc_044_2.07.t##10.3	<<prep:S>> <<f%ACMP:Magdou>> se teď pravidelně <<verb:navštěvujeme>> , chodíme spolu na procházky . 	ACMP	community
wsj2135.cz.t##1.1	Selwyn B . Kossuth byl <<verb:jmenován>> výkonným ředitelem komise <<prep:s>> <<f%MANN:účinností>> od prvních listopadových dní . 	TSIN	validity
wsj0578.cz.t##11.1	Můžete je <<verb:vzít>> <<prep:s>> <<f%MANN:sebou>> . " 	MANN	idiom
pdtsc_093_3.05.t##46.1	Kde všude jste <<prep:s>> <<f%MEANS:vlakem>> <<verb:jezdil>> ? 	MEANS	transport
mf920922_017.t##4.7	Švédská ústřední banka včera oznámila , že <<prep:s>> okamžitou <<f%ACMP:platností>> <<verb:snížila>> krátkodobou úrokovou sazbu z rekordních 500 na 50 procent . 	TSIN	validity
wsj1790.cz.t##42.18	Průzkum , který provedla společnost Sirota , Alper & Pfau , poradenská firma z New Yorku , zdůrazňuje problém , který <<verb:má>> v tomto ohledu nejvyšší vedení <<prep:s>> <<f%REG:uspokojením>> zaměstnanců i investorů . 	REG	regard
pdtsc_014_2.00.t##45.11	To se tady dělávalo , aby se nešlo naprázdno , do lágru jsem <<verb:šel>> dvacet minut <<prep:s>> cementovým <<f%ACMP:pytlem>> . 	MANN	of-agent	CIRC	condition
pdtsc_085_1.00.t##10.1	<<verb:Začněme>> třeba <<prep:s>> <<f%ACMP:touhle>> . 	OTHER	other	REG	regard
pdtsc_136_2.08.t##17.7	Jak chlapec se svou rodinou , tak Jana , jak má volno , když nemá službu , <<prep:s>> <<f%ACMP:děvčaty>> <<verb:přijede>> . 	ACMP	community
pdtsc_003_2.03.t##42.6	Lidi mně to vyčítali a <<verb:měl>> jsem <<prep:s>> <<f%REG:tím>> nepříjemnosti . 	REG	regard
pdtsc_107_3.07.t##19.4	To byl kluk , <<prep:s>> <<f%ACMP:kterým>> jsem <<verb:začínal>> . 	ACMP	community
pdtsc_035_2.00.t##20.5	Byl to Vídeňák a <<verb:měl>> tam <<prep:s>> <<f%LOC:sebou>> ženu a nepovedeného syna . 	MANN	idiom
ln94206_99.t##15.3	V představení , <<prep:s>> <<f%ACMP:nímž>> k nám <<verb:přijeli>> nyní , se Plevelisté zaměřili na otázky mezilidské komunikace . 	MANN	of-agent	MANN	of-event
mf920925_044.t##8.15	Měl jsem pocit , že je motor obsahem handicapován a nasadil dvojité zapalování , ale <<prep:se>> <<f%TWHEN:zvýšením>> výkonu mi <<verb:nedošly>> jiné souvislosti . 	COND	progressively		
wsj0290.cz.t##51.1	Kdo si bude moci <<prep:s>> tímto <<f%ACMP:precedentem>> <<verb:stěžovat>> , až budou příští generace povolány k obraně USA a podlehnou pokušení uniknout nebezpečí boje prostě tím , že válku prohlásí za nemorální a budou se skrývat , dokud neskončí ? 	COND	because		
pdtsc_141_1.04.t##17.8	Dělal jsem na vojně řidiče na generálním štábu , <<verb:jezdil>> sem <<prep:s>> <<f%MEANS:tatrou>> 805 . 	MEANS	transport
cmpr9415_026.t##21.3	Ceny , které <<prep:s>> <<f%MANN:sebou>> <<verb:přinesly>> , pak jen dokumentovaly západní zkušenost , že schopný management má cenu zlata a patří k tomu nejcennějšímu , co firma má . 	MANN	idiom
lnd94103_089.t##30.3	Aspoň se ukáže , jak vážně to <<prep:se>> <<f%REG:studiem>> <<verb:mysleli>> . 	REG	regard
wsj0767.cz.t##5.5	" Znamená to , že to Sikes <<prep:s>> <<f%REG:deregulací>> dálkových hovorů <<verb:myslí>> vážně , " říká Jack Grubman , telekomunikační analytik společnosti PaineWebber Inc . , který se účastnil jednání FCC . 	REG	regard
cmpr9410_002.t##37.1	Kromě nich nyní <<prep:s>> několikadenními <<f%MANN:odstupy>> <<verb:vypravuje>> do zahraničí malé skupinky , třeba po čtyřech lidech . 	MANN	of-event	CIRC	side-effect
pdtsc_064_2.12.t##10.1	<<verb:Jezdím>> <<prep:s>> tou <<f%ACMP:partou>> , to byli mladí lidi , do Meziměstí u Broumova . 	ACMP	community
pdtsc_017_2.02.t##39.1	Pořád jsem <<verb:bydlela>> ještě v podnájmu <<prep:s>> <<f%ACMP:Eliškou>> . 	ACMP	community
pdtsc_123_1.06.t##47.1	Kromě stromečku jsme to <<verb:trávili>> dohromady <<prep:s>> <<f%ACMP:majiteli>> . 	ACMP	community
wsj2161.cz.t##37.1	<<prep:S>> takovým <<f%CAUS:přístupem>> někteří podnikoví maséři <<verb:provozují>> své podnikání raději v tichosti . 	COND	because		
pdtsc_100_3.00.t##9.1	<<verb:Začneme>> třeba <<prep:s>> <<f%ACMP:touto>> . 	REG	regard
ln94210_101.t##39.6	6 . června 1970 : Pink Floyd <<verb:vystoupili>> v londýnské Olympii <<prep:se>> Sydem <<f%ACMP:Barrettem>> , který zahrál tři skladby ze své desky . 	ACMP	community
ln94206_50.t##5.4	Věříme , že tuto změnu <<verb:přijmete>> <<prep:s>> <<f%MANN:pochopením>> , a jsme připraveni vaše dotazy a podněty zodpovědět na naší čtenářské lince , telefon ( 02 ) 232 68 88 . 	MANN	of-result
mf930709_130.t##9.3	Potvrdil , že <<prep:s>> <<f%ACMP:Masopustem>> <<verb:trávil>> před devíti lety část dovolené . 	ACMP	community
ln95048_104.t##54.18	Jestliže o sobě někdo ví , že má transsexuální sklony , a je <<prep:s>> <<f%ACMP:tím>> schopen dobře <<verb:žít>> , vyrovnat se s touto skutečností , a neusiluje o přeměnu , může mu naopak pořad nebo článek ozřejmit , s jakými problémy by se setkal . 	MANN	of-event
ln95048_064.t##14.13	Často se stává , že muži z vězení odcházejí s foneticky psanými anglickými nápisy , obrázky , které by i dítě <<verb:zvládlo>> <<prep:s>> větším <<f%MANN:umem>> , či jen rozmazanými skvrnami v kůži . 	MANN	of-result
ln94206_98.t##12.1	Tento handicap <<verb:nevyrovnává>> - <<prep:s>> čestnou <<f%RESTR:výjimkou>> Jiřího Čapky v roli Lorenza - ani práce s veršem , která by se snad u zkušených herců dala očekávat a kterou by si zpěvný a vášnivý jazyk překladu Josefa Topola zasloužil . 	ACMP	excluded
wsj0286.cz.t##11.26	Tato podniková glasnost významnou měrou způsobila , že se firma Nissan po letech , kdy vyráběla nevýrazná auta a měla jen mizerné zisky , oprostila od svých nepružných metod a že <<prep:se>> <<f%ACMP:značkou>> Nissan nyní <<verb:jezdí>> celá řada úspěšných vozů od elegantního sedanu Maxima a Porsche připomínajícího 300 ZX až po rozmarně nostalgické Pao , miniauto , které se prodává pouze v Japonsku . 	MEANS	transport
pdtsc_074_3.00.t##47.1	<<verb:Táhli>> jsme <<prep:s>> <<f%LOC:sebou>> balíky , krabice s jídlem . 	CIRC	side-effect	MANN	of-event
pdtsc_106_3.06.t##49.1	<<verb:Neměl>> jsem <<prep:s>> <<f%REG:tím>> žádné problémy . 	REG	regard
pdtsc_068_2.06.t##49.11	Takže jsem to dělal hlavně sám plus samozřejmě řemeslníci , které jsem si musel <<verb:sehnat>> <<prep:s>> hrubou <<f%TPAR:stavbou>> , jak se říká . 	COND	progressively	AIM 	intent
faust_2010_07_mu_20.t##32.17	Avšak světová finanční krize omezí schopnost Vietnamu vytvářet pracovní místa dále snižovat chudobu . <<prep:S>> prudkým <<f%CAUS:snížením>> světového růstu v roce 2009 bude ekonomika Vietnamu orientovaná na export - export činil 68 % HDP v roce 2007 - <<verb:zasažena>> nižší mírou vývozu , vyšší nezaměstnaností , krachy společností a nižší mírou zahraničních investic . 	COND	progressively
pdtsc_073_3.09.t##30.9	Našetřil jsem si na staré auto , tak jsme <<verb:jezdili>> <<prep:s>> <<f%ACMP:dětmi>> už dál do Jeseníků . 	ACMP	community
pdtsc_072_2.08.t##9.6	Jmenoval se Karel Tupý a opravdu to <<prep:s>> <<f%REG:dětmi>> <<verb:uměl>> . 	REG	regard
wsj2170.cz.t##26.4	Cena za vykonání akciového pokynu se <<verb:liší>> od makléře k makléři a <<prep:s>> <<f%CRIT:velikostí>> pokynu , ale 2 % z hodnoty pokynu je průměr , říká Stephen Boesel , správce investičního fondu T . Rowe Price ' s Growth and Income . 	REG	regard
wsj0221.cz.t##1.1	Společnost Columbia Pictures Entertainment Inc . byla <<prep:s>> <<f%RESL:účinností>> od dnešního dne <<verb:vyňata>> ze skupiny odvětví rekreačních produktů a služeb Dow - Jonesova indexu trhu kmenových akcií . 	TSIN	validity
wsj0449.cz.t##48.30	Avšak mnohem menší společnost spravující investiční fond , jednotka USAA Investment Management Co . společnosti USAA ze San Antonia ve státě Texas , uvedla , že informovala devět celostátních makléřských firem o tom , že <<prep:s>> <<f%REG:nimi>> <<verb:ukončí>> obchody , nezastaví - li obchodování s indexovými arbitrážemi . 	ACMP	community	OTHER	other
pdtsc_087_3.03.t##30.19	Jediní jsme měli ve studni trochu vody , ale ta byla červená , rezavá , takže prát a <<verb:vařit>> se <<prep:s>> <<f%MEANS:ní>> nedalo . 	MEANS	material	MEANS	tool
ln94207_82.t##18.1	Špinaví a zahalení v hadrech <<verb:odnášejí>> tito nešťastníci <<prep:s>> <<f%ACMP:sebou>> jen to , co mohli zachránit ze sutin a popela . 	MANN	idiom
lnd94103_085.t##3.1	A vy náhle <<prep:s>> <<f%ACMP:překvapením>> <<verb:zjistíte>> , že veškeré dosavadní argumenty , proč není vhodné chovat psa v bytě , jsou vlastně naprosto nepřesvědčivé a uměle vykonstruované . 	MANN	of-event
pdtsc_049_3.08.t##27.14	Učila jsem jenom dva roky , pak jsem byla požádána , abych šla <<verb:pracovat>> <<prep:s>> <<f%ACMP:dětmi>> na úseku pionýrské organizace . 	MEANS	material
wsj1874.cz.t##58.1	Hypoteční ceniny <<verb:zakončily>> po lehkém prodeji <<prep:s>> malou <<f%ACMP:změnou>> . 	MANN	of-result
pdtsc_110_2.00.t##23.1	<<verb:Dostali>> jsme se <<prep:s>> tím <<f%MEANS:vlakem>> až do městečka , které se jmenovalo Georgiyevsk . 	MEANS	transport
mf920925_120.t##48.5	Jsem příliš mladý na to , abych <<verb:žil>> <<prep:se>> založenýma <<f%ACMP:rukama>> . 	MANN	of-event	OTHER	other
pdtsc_012_1.00.t##22.5	Vězni sotva chodili a <<verb:vytahovali>> <<prep:s>> <<f%ACMP:námahou>> nohy z toho bahna . 	MANN	of-event
cmpr9413_011.t##14.1	Článek o příjemné vinárně jsem si <<verb:přečetla>> <<prep:s>> velkou <<f%ACMP:chutí>> . 	MANN	of-event
pdtsc_142_3.00.t##41.1	<<verb:Jezdíte>> <<prep:s>> <<f%ACMP:Klubem>> turistů často na výlety ? 	MEANS	mediator	ACMP	community
faust_2010_07_jh_07.t##39.1	<<verb:udělala>> druhou zkoušku <<prep:s>> perfektním <<f%RESL:skóre>> 	MANN	of-result
ln94205_106.t##4.1	<<prep:S>> blížícím se <<f%REG:koncertem>> Pink Floyd na Strahově se v rámci reklamní kampaně pořádající agentury <<verb:objevila>> celá řada aktivit , jež intenzitou předčily vše , co až dosud bylo u nás v souvislosti s jakýmkoliv koncertem zorganizováno . 	COND	progressively
pdtsc_148_3.10.t##4.1	<<verb:Nefotila>> jsem se <<prep:s>> <<f%ACMP:nimi>> . 	ACMP	community
wsj2034.cz.t##50.14	Obyvatelé měst je milují , protože se hladce pohybují v silničním provozu , snadno přeskakují obrubníky a <<verb:projíždějí>> sklem na silnici <<prep:s>> mnohem menším <<f%ACMP:počtem>> proražených pneumatik než závodní kola . 	MANN	of-result
ln94203_71.t##30.3	Důležité je , že po celou dobu se Arafat do sporu <<verb:nezapojil>> - <<prep:se>> stejně mlčenlivým <<f%ACMP:realismem>> , s jakým izraelští politici přehlížejí zmínky o palestinském státu . 	CPR	compared	CIRC	side-effect
wsj1831.cz.t##5.6	Avšak její vášnivost začíná i <<verb:končí>> <<prep:s>> <<f%TPAR:hudbou>> . 	COND	progressively
wsj2108.cz.t##9.37	Když tedy pan Greve naznačuje , byť žertem , že Zákon o čistotě vod zakazuje přípravu skotské s vodou , konáte tím veřejnosti medvědí službu ; vaši čtenáři , kteří whisky popíjejí , by se mohli domnívat , že je chrání jen náhoda nebo přehlédnutí , když se v noci <<verb:krčí>> <<prep:se>> svými <<f%ACMP:skotskými>> s vodou při pomyšlení , že na jejich dveře zabuší zarostlá pěst ze Sierra Clubu . 	CIRC	side-effect	MANN	of-agent
wsj2372.cz.t##58.1	- <<prep:s>> <<f%MANN:účinností>> od příštího roku by <<verb:změnily>> vybírání spotřební daně z benzínu ze čtrnáctidenního na týdenní . 	TSIN	validity
wsj0604.cz.t##15.6	V roce 1988 společnost Kidder <<prep:s>> <<f%EXT:bídou>> <<verb:dosáhla>> zisku 46 milionů dolarů , a to především díky velkým omezením nákladů . 	EXT	other		
ln95049_134.t##8.5	A <<prep:s>> 22.56 <<f%ACMP:procenty>> <<verb:máme>> v Maďarsku i největší podíl na trhu , " řekl A . Barčák . 	MANN	of-event	CIRC	condition
ln95047_067.t##4.1	Talibán , který za šest let ovládl třetinu afghánského území , <<verb:přichází>> <<prep:s>> <<f%ACMP:požadavkem>> vytvořit islámský stát a odzbrojit všechny válčící milice . 	MANN	of-agent	CIRC	side-effect
wsj0302.cz.t##3.15	Oznámení přichází po několika prohlášeních od vládních úředníků , že vláda urychlí zrušení daně , jejíž pád byl původně <<verb:plánován>> <<prep:se>> <<f%TPAR:spuštěním>> jednotného vnitřního trhu v Evropském Společenství na konci roku 1992 . 	COND	relation
pdtsc_034_2.03.t##13.2	Ovšem potom nás <<verb:vzal>> <<prep:s>> <<f%DIR3:sebou>> do koňského špitálu , tam už jsme nemohli bydlet . 	MANN	idiom
pdtsc_092_2.07.t##33.1	Kdo všechno <<prep:s>> <<f%ACMP:vámi>> <<verb:jel>> ? 	ACMP	community
pdtsc_057_2.00.t##48.15	Je to na Velikonoce , kdy jsme , jak se říká , chodili koledovat a <<verb:rachtat>> <<prep:s>> <<f%MEANS:řehtačkami>> . 	MEANS	tool
mf930713_030.t##15.12	Sloupem naší reprezentace se podle očekávání Pollert nestal , byť jeho způsob jízdy , lehký , klidný , a v rychlosti zcela nedostižný , lze <<prep:s>> jistou <<f%ACMP:mírou>> nadsázky <<verb:označit>> za geniální . 	OTHER	other		
pdtsc_034_2.03.t##41.5	Dlouho jsme čekali , až nás <<prep:s>> <<f%MANN:sebou>> <<verb:vzali>> nějací Italové v náklaďáku . 	MANN	idiom
ln95048_035.t##1.13	Petr Lébl ( nar . 1965 ) vstoupil do českého divadla velmi razantně už v roce 1985 , kdy <<prep:s>> pražským amatérským <<f%ACMP:souborem>> DOPRAPO <<verb:uvedl>> Vonnegutovu Grotesku . 	ACMP	community	ACMP	association
lnd94103_122.t##13.2	<<prep:S>> <<f%ACMP:vedením>> <<verb:odešlo>> i sebevědomí hráčů , upadli jsme do starých chyb a do kabin na první přestávku už odcházeli s mankem . 	COND	relation
pdtsc_044_2.08.t##49.1	On <<prep:s>> nějakými <<f%ACMP:kamarády>> trošku <<verb:zlobil>> . 	ACMP	community
pdtsc_132_2.06.t##48.1	<<verb:Měli>> jsme <<prep:s>> <<f%LOC:sebou>> mladšího vnuka . 	ACMP	community
pdtsc_074_3.01.t##47.7	Jinak jsme chodili na výlety , hodně jsme <<prep:s>> <<f%ACMP:nimi>> <<verb:jezdili>> do přírody . 	ACMP	community
ln94205_18.t##9.1	Dovážené rukavice <<verb:šije>> asijský výrobce <<prep:s>> třetinovými mzdovými a 70 procentními výrobními <<f%ACMP:náklady>> proti tuzemskému výrobci . 	CPR	compared
wsj0218.cz.t##1.2	Hani Zayadi byl <<verb:jmenován>> prezidentem a generálním ředitelem tohoto řetězce obchodních domů s finančními problémy <<prep:s>> <<f%RESL:účinností>> od 15 . listopadu , a nahradí tak Franka Robertsona , který odchází předčasně do důchodu . 	TSIN	validity
ln94206_98.t##5.25	Romeo , Julie , Merkucio , Tybalt a další představitelé veronské mládeže jsou v Töpferově pojetí opravdu ještě dětmi ( podobně jako ve slavném Zefirelliho filmu ) a dosah svých činů si <<verb:uvědomují>> až <<prep:se>> <<f%TWHEN:zpožděním>> . 	MANN	of-event	OTHER	other
wsj2375.cz.t##8.1	Hodnotící společnost <<verb:uvedla>> , že " znepokojivý diverzifikační záznam v oblasti obligací " byl jednou příčinou snížení ohodnocení , <<prep:s>> <<f%ACMP:odkazem>> na potíže v dceřiné společnosti L . F . Rothschild a na možný prodej dalších filiálek . 	CIRC	side-effect
pdtsc_104_3.09.t##4.1	Všechno jsme museli <<verb:obejít>> <<prep:se>> <<f%REG:svatbami>> . 	TWHEN	simultaneously
lnd94103_087.t##113.1	<<verb:Uměl>> jsem to i <<prep:s>> <<f%MEANS:protézou>> . 	MEANS	tool
wsj1154.cz.t##14.9	Za normálních okolností si Violetta může jít po svých , aniž by přemítala nad tím , jestli se <<verb:pohybuje>> <<prep:se>> stejnou <<f%MANN:graciozností>> jako kulisy . 	MANN	of-event
ln95049_036.t##18.18	" Všechny si chtějí Martinu otestovat , nevybíráme si , kdo přijde první , <<prep:s>> <<f%ACMP:tím>> <<verb:trénujeme>> , " říká maminka a trenérka v jedné osobě . 	ACMP	community
pdtsc_018_1.01.t##42.9	Na cestování dvakrát nejsem , a protože <<verb:mám>> potíže nejvíc <<prep:s>> <<f%REG:močovodem>> , jezdím většinou vlakem . 	REG	regard
pdtsc_036_2.01.t##24.9	Odešel a přišel za dvě hodiny a <<verb:odvedl>> mě <<prep:s>> <<f%MANN:sebou>> . 	MANN	idiom
pdtsc_061_3.01.t##35.17	Uměl hrát asi na sedm nástrojů , což nám předváděl do vysokého věku , kdy nám byl schopný <<verb:předvést>> <<prep:s>> <<f%MEANS:kytarou>> i Beatles . 	MEANS	tool
ln94206_75.t##5.1	<<verb:Uvedla>> to včera agentura Interfax <<prep:s>> <<f%ACMP:odvoláním>> na neoficiální kompetentní zdroje . 	CIRC	side-effect
pdtsc_073_3.09.t##1.5	Dostal cukrovku , pak <<verb:měl>> něco <<prep:s>> <<f%REG:ledvinami>> . 	REG	regard
ln95047_088.t##5.21	Řekl , že obžalované v roce 1992 zapůjčil svůj kufříkový psací stroj , který loni po dovolené našel doma poškozený tak , že se <<prep:s>> <<f%MEANS:ním>> nedalo <<verb:psát>> . 	MEANS	tool
wsj2153.cz.t##9.1	Kdysi usedlý ocelářský průmysl se teď <<verb:obrátí>> vzhůru nohama <<prep:s>> technologickou <<f%TPAR:revolucí>> devadesátých let . 	COND	progressively
ln94210_16.t##15.5	Své věřitele , mezi něž <<verb:patří>> <<prep:s>> 50 <<f%ACMP:miliony>> korun především stát , hodlá Tesla uspokojit prostředky získanými z prodeje nemovitostí a prodeje akcií svých dceřiných společností , které všechny vykazují zisk . 	MANN	of-agent	COND	because
wsj2276.cz.t##54.1	O deset minut později <<verb:dosáhla>> hodnota Dow - Jonesova indexu spodní hranice <<prep:s>> <<f%ACMP:poklesem>> o 63.52 bodu , tedy dalších 2.5 % . 	COND	progressively
pdtsc_040_1.01.t##5.1	Ti taky dohromady <<prep:s>> <<f%ACMP:námi>> <<verb:zemřeli>> , protože to byl mor . 	ACMP	community
wsj0118.cz.t##143.1	Velký investor <<prep:s>> velkou <<f%MOD:pravděpodobností>> <<verb:způsobí>> , že ve chvíli , kdy své termínové obchody prodá , termínové trhy poklesnou . 	MOD	mod		
wsj1962.cz.t##21.14	Když akcie klesne pod realizační cenu prodejní opce , investor jednoduše prodá akcie se ztrátou a současně <<verb:prodá>> prodejní opci <<prep:se>> <<f%RESL:ziskem>> . 	MANN	of-result
ln95049_126.t##27.1	Na trzích zlata se v uplynulém týdnu <<prep:s>> <<f%MANN:jistotou>> <<verb:očekával>> útok na hranici 380 USD za unci po vzestupu v předcházejících dnech . 	MOD	mod		
wsj1411.cz.t##37.1	<<prep:S>> přicházejícími novými <<f%TPAR:dny>> tohoto sportu se Jerral Jones <<verb:domnívá>> , že takový luxus nemá na podobném místě uplatnění . 	COND	progressively
wsj2450.cz.t##10.1	<<prep:S>> <<f%ACMP:odkazem>> na to , že třetí čtvrtletí je pro hliníkový průmysl obvykle pomalejší , pan Atwell dále <<verb:uvedl>> , že " třetí čtvrtletí pro ně stejně nikdy nebylo žádným trhákem . " 	CIRC	side-effect
pdtsc_038_1.01.t##36.11	Zajímá mě , co byste rád vzkázal svým vnoučatům , aby dokázali <<verb:žít>> <<prep:s>> takovým <<f%ACMP:optimismem>> , s jakým jste všechno překonával vy . 	MANN	of-event
wsj0934.cz.t##14.4	<<prep:S>> <<f%ACMP:více>> než 300 miliardami rublů na spořicích účtech , které téměř není za co utratit , si sovětští spotřebitelé <<verb:stěžují>> na nehorázné ceny za takové zboží na černém trhu - ale stejně ho kupují . 	MANN	of-agent	CIRC	condition
wsj0349.cz.t##40.6	Phelan jen s obtížemi přesvědčoval veřejnost , že newyorská burza to <<prep:s>> <<f%REG:omezováním>> nestability <<verb:myslí>> vážně , zejména když se burze zjevně zamlouvá role útulku pro 200 miliard dolarů ve fondech akciových indexů , které nakupováním obrovských košů akcií kopírují oblíbené burzovní indexy , jako je Standard & Poor ' s 500 , a které občas využívají programové obchodování . 	REG	regard
pdtsc_147_3.04.t##11.1	Ano , <<verb:jely>> jsme <<prep:s>> cestovní <<f%MEANS:kanceláří>> . 	MEANS	mediator
pdtsc_064_2.09.t##41.6	Dost dlouho marodil , takže dcera se mu musela <<verb:věnovat>> <<prep:s>> <<f%REG:učením>> . 	REG	regard
ln94205_9.t##14.2	Druhou příčku <<verb:zaujala>> značka Nestlé <<prep:se>> 27 <<f%ACMP:procenty>> příznivců a třetí nejlépe hodnocenou značkou je Milka , pro kterou se vyjádřilo 24 procent dotázaných . 	MANN	of-agent	CIRC	side-effect
wsj1154.cz.t##16.9	Když člověk viděl všechny ty miliony v pohybu , ulevilo se mi , že se Edita Gruberová <<prep:se>> svou <<f%CAUS:nemotorností>> omylem <<verb:nezamotala>> do záclony . 	MANN	of-agent
ln94203_82.t##4.1	<<prep:S>> <<f%ACMP:napětím>> budeme <<verb:sledovat>> , jak tento boj dopadne - zvláště koncem roku , kdy může být druhá z pražských operních scén zcela odstavena od dosavadních , byť stejně nepostačujících dotací . 	MANN	of-event
mf930713_152.t##3.1	Izrael a Organizace pro osvobození Palestiny <<verb:udržují>> tajné kontakty na vysoké úrovni <<prep:s>> <<f%AIM:cílem>> dostat ze slepé uličky dvacet měsíců trvající izraelsko - palestinské mírové rozhovory . 	AIM	intent
ln94211_87.t##4.1	Na malém travnatém plácku <<verb:hrála>> <<prep:s>> velkým <<f%ACMP:zaujetím>> skupinka kluků fotbal . 	MANN	of-event
wsj1586.cz.t##27.20	Spojením svých silných stránek v inovaci a řízení kvality s nižšími náklady na výrobu v zahraničí byl podle svých slov schopen <<verb:vyrobit>> vysoce kvalitní zboží <<prep:s>> nízkými <<f%ACMP:náklady>> . 	MANN	of-event
pdtsc_147_3.06.t##49.11	Než pojedu , musela bych se podívat , co by tam asi bylo , nebo <<verb:jet>> <<prep:s>> cestovní <<f%MEANS:kanceláří>> , která má zaměření na tyto prohlídky . 	MEANS	mediator
faust_2010_07_es_07.t##6.20	Za zářijovou distribucí nabídky byla myšlenka získat zpětnou vazbu od všech akcionářů a dát vám čas , abyste si <<verb:opatřili>> připomínky interně a od svých vlastních akcionářů <<prep:s>> <<f%ACMP:cílem>> objasnit , zda by byl vnímán nějaký prospěch v tomto přístupu a skutečně pochopit všechny problémy ještě před jakýmkoli dalším projednáváním návrhu . 	AIM	intent
pdtsc_063_2.09.t##35.8	Nakonec jsme nepoužili ani všechno prádlo , co jsme <<prep:s>> <<f%LOC:sebou>> <<verb:měli>> . 	MANN	idiom
pdtsc_059_2.11.t##1.3	<<verb:Vzít>> si <<prep:s>> <<f%MANN:sebou>> buřty , to byla podmínka . 	MANN	idiom
wsj1815.cz.t##35.17	Úřad pro sčítání lidu ještě přilil oleje do léta doutnajícího ohně svým vyjádřením , že by jeho údaje vypadaly mnohem optimističtěji , kdyby práh chudoby <<verb:přepočítal>> <<prep:s>> <<f%MANN:využitím>> vylepšeného měřítka spotřebitelských cen přijatého v roce 1983 . 	MEANS	tool-abstract
pdtsc_126_2.05.t##26.1	Zrovna teď v sobotu se <<verb:chystám>> <<prep:s>> paní <<f%ACMP:učitelkou>> , s kterou už spolu jezdíme třicet let , do Pece . 	ACMP	community
wsj1789.cz.t##40.1	Společnost Desc a další zákazníci byli letos poprvé <<verb:informováni>> o plánované uzavírce společnosti Pemex <<prep:s>> dostatečným <<f%MANN:předstihem>> , aby byly způsobené potíže minimální . 	MANN	of-event	CIRC	side-effect
wsj0595.cz.t##35.2	OSAMĚLÍ a rozvedení lidé se <<prep:s>> daleko větší <<f%MANN:pravděpodobností>> <<verb:stávají>> kuřáky než lidé žijící v manželství , zjistilo Centrum pro kontrolu nemocí . . . 	MOD	mod	CPR	compared
pdtsc_036_2.04.t##33.15	To je seznam potřeb , které si brali do koncentráku , co jim bylo doporučeno , aby si <<verb:brali>> <<prep:s>> <<f%MANN:sebou>> . 	MANN	idiom
pdtsc_095_3.08.t##46.1	<<prep:S>> přibývajícím <<f%TPAR:věkem>> člověk <<verb:zjišťuje>> , že když tam už nemá žádné milé osoby , tak je v podstatě jedno , kam jede . 	COND	progressively
wsj0592.cz.t##3.1	<<prep:S>> uklidňující se <<f%TPAR:situací>> , která nastává po týdnu plném rezignací a šarád ve funkcích , <<verb:čelí>> vláda náročnému úkolu znovu získat důvěru ve svou politiku . 	COND	progressively
wsj1578.cz.t##35.55	Philip Morris dodal 1 1 / 8 na 44 1 / 2 ve smíšeném obchodování na NYSE o 3.7 milionech akcií , společnost Coca - Cola Co . posílila o 2 3 / 8 na 70 3 / 8 , Merck posílil o 1 3 / 8 na 77 3 / 8 a společnost American Telephone & Telegraph <<verb:pokročila>> o 7 / 8 na 43 3 / 8 <<prep:s>> 2.5 <<f%ACMP:milionem>> akcií . 	MANN	of-agent	CIRC	side-effect
pdtsc_096_2.01.t##11.1	Do loňska jsem to <<verb:organizovala>> já <<prep:s>> Mařenkou <<f%ACMP:Potužníkovou>> . 	ACMP	community
ln94207_72.t##3.12	Hned po svém nástupu na radnici dal nový kocourkovský starosta Mikulášek najevo , že to <<prep:s>> <<f%REG:ním>> místní novináři nebudou <<verb:mít>> lehké . 	REG	regard
pdtsc_023_3.01.t##35.4	Je to kosa , <<prep:s>> <<f%MEANS:kterou>> se <<verb:kosilo>> obilí , kde ještě byla taková část , kde se obilí potom pěkně pokládalo . 	MEANS	tool
wsj0632.cz.t##11.2	<<prep:S>> touto ochrannou zlatou <<f%ACMP:akcií>> <<verb:odmítli>> představitelé společnosti Jaguar nabídky Fordu a místo toho učinili kroky k vytvoření aliance s GM . 	COND	relation
pdtsc_058_3.00.t##7.1	<<verb:Začněme>> třeba <<prep:s>> <<f%ACMP:touhle>> . 	REG	regard
wsj1822.cz.t##26.18	Podle jednoho daňového poradce , který si přál zůstat v anonymitě , je dalším řešením to , aby firmy použily konvertibilní dluhopisy , které se <<verb:prodávají>> <<prep:se>> <<f%MANN:slevou>> . 	MANN	of-event
pdtsc_038_1.00.t##24.1	Ještě <<prep:s>> nějakými <<f%ACMP:kamarády>> jsem <<verb:přespal>> v hotelu Padovec u nádraží , tehdy to byl repatriantský azyl . 	ACMP	community
wsj1854.cz.t##10.6	<<prep:S>> <<f%ACMP:výhledem>> na obnovu severní Kalifornie <<verb:vyhnali>> investoři cenu cementárenské společnosti Calmat Co . o 2.75 dolaru na 28.75 dolaru a společnosti Lone Star Industries Inc . o 1.75 dolaru na 29.25 dolaru . 	COND	because
mf930709_053.t##7.20	První impuls k Babylónské věži získal Krofta před dvěma lety , když vedl stáž v Charleville Meziéres : " <<verb:Pracoval>> jsem <<prep:s>> šestadvaceti <<f%ACMP:stážisty>> a slyšel od nich angličtinu v nejrůznějších verzích . 	ACMP	community
wsj1834.cz.t##3.1	Společnost Raytheon Co . <<verb:uzavřela>> <<prep:s>> vojenským <<f%ACMP:letectvem>> smlouvu v hodnotě 19.2 milionu dolarů na podporu komunikačních satelitů Milstar . 	OTHER	other	ACMP	community
ln94207_17.t##3.21	Pamatuji si to jako dnes : v plénu Federálního shromáždění ČSFR vystoupil poslanec Slovenské národní strany ( SNS ) Šedovič a <<prep:s>> vážnou <<f%ACMP:tváří>> <<verb:prohlašoval>> , že slovenský národ je nejstarším národem v Evropě , avšak před světem tento národ někdo pořád skrývá , zahaluje , jak v OSN , tak jinde . 	MANN	of-agent		
pdtsc_102_2.02.t##9.14	Začala jsem asi v deseti letech , ale extra jsem neprovozovala nic , <<prep:s>> <<f%ACMP:kamarádkami>> jsem občas <<verb:jezdívala>> a samozřejmě se školou . 	ACMP	community
pdtsc_006_1.02.t##8.6	Hlavně také proto , že nebylo <<prep:s>> <<f%MEANS:čím>> se z toho transportu <<verb:vykoupit>> . 	MEANS	tool	MEANS	tool-abstract
wsj1034.cz.t##4.1	<<prep:S>> větší <<f%MOD:pravděpodobností>> tak ale bude <<verb:učiněno>> až příští týden . 	MOD	mod
wsj0910.cz.t##1.3	Očekává se , že <<prep:s>> <<f%AIM:cílem>> stát se politicky aktivnější v Latinské Americe zítra kanadská vláda <<verb:ohlásí>> podání své žádosti o vstup do Organizace amerických států ( OAS ) , což je regionální orgán sídlící ve Washingtonu . 	AIM	intent
ln94206_56.t##6.1	Počet nezávislých kandidátů na kandidátkách ODS podle něho <<verb:klesá>> <<prep:s>> <<f%CRIT:velikostí>> měst . 	COND	progressively
wsj2108.cz.t##2.24	Michael S . Greve informuje vaše čtenáře v odbočce , která se příliš nepojí s jeho ústřední myšlenkou týkající se soukromého prosazování práva pomocí petic skupinami ochránců životního prostředí , že " . . . zákon o čistotě vody je <<verb:sepsán>> <<prep:s>> <<f%ACMP:předpokladem>> - spíše bychom řekli pod záminkou - že nesmíme usilovat o nic menšího než o nulové riziko ; ustanovuje zákonný standard nulového vypouštění odpadů ( " Kongresoví dobrodruzi životního prostředí , " září 18 ) . 	MANN	of-event	CIRC	side-effect
wsj0631.cz.t##3.13	Dohoda také požaduje koordinaci mezi společností Finnair a švýcarským národním leteckým dopravcem , společností Swissair , <<prep:s>> <<f%ACMP:nímž>> společnost SAS minulý měsíc <<verb:vstoupila>> do podobné aliance . 	ACMP	community
pdtsc_025_3.12.t##26.2	<<verb:Jedeme>> aspoň tak na tři , na čtyři dni jen tak <<prep:s>> <<f%ACMP:báglem>> pod širák , někde se zastavíme , spíme pod celtami a tak podobně . 	MANN	of-event	MANN	of-agent
ln94208_148.t##9.1	Připravuje - li se investor na převzetí nadpolovičního podílu ve společnosti , musí tento krok <<verb:ohlásit>> předem a <<prep:s>> dostatečným <<f%ACMP:předstihem>> . 	MANN	of-event
lnd94103_087.t##65.5	Také mě někdy štve , že musím <<prep:s>> nahranou <<f%MEANS:kazetou>> , kde mám štěňata , <<verb:otravovat>> sousedy . 	COND	because	REG	regard
pdtsc_126_2.11.t##28.4	To je z Alp , jak <<verb:jezdíme>> <<prep:s>> naší <<f%ACMP:partou>> . 	ACMP	community
wsj0604.cz.t##11.1	Za prvních devět měsíců roku se podle společnosti Securities Data Co . společnost Kidder <<verb:umístila>> mezi upisovateli federálních akcií a dluhopisů až na 10 . místě <<prep:s>> 2.8 % <<f%ACMP:podílem>> na trhu , což je od loňských 2.5 % mírný vzrůst . 	MANN	of-result
pdtsc_082_2.12.t##9.1	<<prep:S>> <<f%REG:tím>> <<verb:nemám>> žádné problémy . 	REG	regard
wsj0071.cz.t##55.2	S tím , jak <<prep:s>> blížícími se <<f%TPAR:prázdninami>> <<verb:přichází>> největší období prodeje vína v roce , bude zajímavé sledovat , jak si nejluxusnější vína vedou . 	COND	progressively
pdtsc_132_2.01.t##19.3	Vzpomínám si , jak jsme tam <<verb:dělali>> <<prep:se>> <<f%ACMP:švagrovými>> koláče , protože bráchové byli oba starší . 	ACMP	community
ln95049_129.t##13.6	Pro přesnější přiblížení optiky , <<prep:s>> <<f%ACMP:jakou>> <<verb:pohlížejí>> zahraniční investoři na rozvojové trhy , můžeme přidat statistiku otištěných článků podle jejich optimistického či pesimistického zabarvení . 	MEANS	tool-abstract
pdtsc_107_3.06.t##1.2	<<verb:Vytáhl>> mě <<prep:s>> tím <<f%MEANS:autem>> z toho ven a všechno se zřítilo dolů . 	MEANS	tool	ACMP	association
pdtsc_081_3.05.t##30.12	Dokonce tam dole byl i malý rybníček , kde jsme si mohli zkusit <<verb:zarýžovat>> <<prep:s>> <<f%MEANS:pánví>> . 	MEANS	tool
mf920925_062.t##22.20	Ohlédnutí za středečním vítězstvím nad Faerskými ostrovy nelze zakončit jinak než varovným připomenutím , že první bodový počinek jsme <<verb:udělali>> <<prep:se>> <<f%ACMP:soupeřem>> z nejslabších a že dva z našich nejvážnějších soupeřů si už s tímto outsiderem poradili mnohem lépe . 	ACMP	association	OTHER	other
pdtsc_082_2.10.t##50.2	Moje známá ji <<verb:přivedla>> <<prep:s>> <<f%MANN:sebou>> na kafe , tam jsme se poznali . 	MANN	idiom
pdtsc_044_2.02.t##43.1	Mě <<verb:brali>> <<prep:s>> <<f%MANN:sebou>> , protože tenhleten cyklistický kroužek vedl tatínek . 	MANN	idiom
wsj1267.cz.t##24.1	Po dlouhých hodinách rozepří a diskusí se tato porota nakonec <<verb:zaměřuje>> na fakta <<prep:s>> téměř dokonalou <<f%MANN:objektivitou>> . 	MANN	of-event
wsj0280.cz.t##7.1	" Na cokoliv , co tvrdí , že dostanete víc , když budete víc pít , bych se <<verb:díval>> <<prep:s>> <<f%MANN:rezervou>> . " 	MANN	of-event
wsj0110.cz.t##25.19	KRÁTKODOBÉ STÁTNÍ OBLIGACE : Výsledky z pondělí 30 . října 1989 , aukce krátkodobých státních obligací vlády Spojených států , které se <<verb:prodávají>> <<prep:s>> diskontní <<f%COND:sazbou>> oproti jmenovité hodnotě v jednotkách 10000 dolarů až 1 milion dolarů : 7.78 % na 13 týdnů , 7.62 % na 26 týdnů . 	MANN	of-event	CIRC	side-effect
pdtsc_036_2.02.t##43.2	<<verb:Vrátil>> se totiž jeden přítel <<prep:se>> Svobodovou <<f%ACMP:armádou>> a ještě další . 	ACMP	community
pdtsc_041_2.04.t##44.7	Najednou zaklepala na moje dveře , <<verb:přišla>> <<prep:s>> <<f%ACMP:pláčem>> a začala mě objímat . 	MANN	of-agent
wsj0739.cz.t##16.1	Potom <<prep:s>> <<f%ACMP:použitím>> nové techniky ( zvané homologická rekombinace ) pro vkládání genů do buňky <<verb:přesunuli>> všech pět genů do bakterie , která je úzce příbuzná s organismem bakterie černého kašle . 	COND	relation
wsj2372.cz.t##50.1	- <<prep:s>> <<f%MANN:účinností>> ode dne následujícího po schválení daňového výměru by od investičních fondů <<verb:vyžadovaly>> , aby do svých zdanitelných příjmů zahrnovaly spíše ty dividendy , které jim byly vyplaceny v den vyhlášení dividend , než ty normálně přijímané . 	TSIN	validity
pdtsc_110_2.03.t##32.2	<<verb:Tahal>> jsem <<prep:s>> <<f%MANN:sebou>> ještě kufr se svými věcmi , nic jsem si cestou nepřikoupil . 	MANN	idiom
wsj2231.cz.t##19.17	Van de Kamp je ten , kdo posbíral plány různých radikálních ekologických skupin a sesmolil je do jedné neohrabané iniciativy , aby <<prep:s>> <<f%MEANS:ní>> <<verb:vyšel>> do kampaně pro volby , které se uskuteční 6 . listopadu 1990 . 	ACMP	association		
pdtsc_125_2.06.t##31.1	<<prep:S>> <<f%MOD:jistotou>> tam každý týden nějaké kozáky <<verb:najde>> . 	MOD	mod		
ln94205_69.t##12.26	Ľubomír Roman je však přeci jen opatrnější než Pavel Tigrid - zřejmě úměrně tomu , jak intenzivně je bojnická věc vnímána v jeho zemi - chce <<prep:s>> <<f%REG:podpisem>> smlouvy <<verb:počkat>> na to , jak se hlavy odborných institucí dohodnou . 	REG	regard
ln95045_067.t##12.1	V " kauze katedrála " mohu <<prep:s>> <<f%ACMP:radostí>> <<verb:říci>> , že jsem hrdý na postoj své církve . 	MANN	of-agent
pdtsc_110_2.01.t##45.1	<<prep:S>> <<f%ACMP:koněm>> <<verb:oral>> na poli . 	MEANS	tool
ln94200_121.t##8.2	<<prep:S>> blížícím se 50 . <<f%TWHEN:výročím>> SNP <<verb:dochází>> na politické scéně i ve slovenském tisku k souboji dvou diametrálně odlišných koncepcí výkladu SNP : na straně jedné se povstání označuje za puč proti vlastní státnosti a na straně druhé je SNP chápáno jako vědomé odmítnutí totality a fašismu . 	COND	progressively
wsj2113.cz.t##82.4	" Zní to , jako že <<prep:s>> tím <<f%REG:Rubensem>> ho vyloženě <<verb:oškubali>> " 	ACMP	community	REG	regard
pdtsc_133_3.12.t##42.1	Každý rok <<prep:s>> <<f%ACMP:námi>> <<verb:jezdí>> . 	ACMP	community
ln94203_16.t##5.1	<<prep:S>> <<f%ACMP:odvoláním>> na mluvčího chorvatského ministerstva vnitra to včera <<verb:uvedla>> slovinská agentura STA . 	CIRC	side-effect	OTHER	other
ln94205_59.t##9.9	Takže ať volby v roce 1996 dopadnou jakkoli , <<prep:s>> vysokou <<f%ACMP:pravděpodobností>> lze <<verb:říci>> , že na naší zahraniční politice vůči Evropské unii se nic nezmění . 	MOD	mod
pdtsc_106_3.05.t##43.8	Když se s tím ale člověk naučil a <<verb:jezdil>> <<prep:s>> <<f%MEANS:tím>> rozumně , tak to nebylo tak zlé . 	MEANS	transport
pdtsc_045_3.03.t##29.8	Byli velicí sportovci , tak <<prep:s>> <<f%ACMP:těmi>> jsme spíš <<verb:šli>> na nějakou túru nebo na pole , na zahradu , ale buchty si nepamatuju . 	ACMP	community
ln95048_034.t##11.12	Hejtman ( Vlastimil Bedrna ) v příslušně barvitém kostýmu přijíždí na ohromné trojkolce a <<prep:s>> <<f%ACMP:arogancí>> orientálního samovládce <<verb:oslovuje>> své podobně přistrojené činovníky . 	MANN	of-event
wsj1569.cz.t##74.6	Sponzoři přirozeně počítají se svou schopností <<verb:udržet>> se <<prep:s>> <<f%REG:návratností>> investic nad inflací školného . 	REG	regard
wsj1562.cz.t##33.1	Avšak na rozdíl od nákupních stop příkazů , se nákupní příkaz při dotyku trhu <<verb:zadává>> <<prep:s>> <<f%ACMP:cenou>> pod aktuální cenou , zatímco prodejní příkaz při dotyku trhu je zadáván s cenou vyšší . 	MANN	of-event
ln95045_087.t##5.1	<<prep:S>> <<f%ACMP:odkazem>> na text vládní koncepce <<verb:dodal>> , že náklady na tuto oslavu by měly činit deset miliónů korun . 	CIRC	side-effect	OTHER	other
pdtsc_114_1.01.t##32.1	Maminka <<verb:chodila>> pochopitelně <<prep:s>> <<f%ACMP:námi>> . 	ACMP	community
wsj2011.cz.t##10.13	Nepodvoluji se nikomu ve svém ohledu na náš pozemský blahobyt , ale pokud to <<prep:s>> globálním <<f%REG:oteplováním>> <<verb:myslíme>> vážně , musíme se podívat na celkový obraz a nedovolit dominantní kultuře , aby nás uzamkla ve scénáři ' kapitalistický vykořisťovatel - nenasytný americký spotřebitel - globální oteplování ' coby jediném diskusním modelu . 	REG	regard
mf920925_040.t##33.15	Myslím , že ODA by měla šanci oslovit určitou část zemědělců , podnikatelů i dalších skupin zainteresovaných na tom , aby to stát <<verb:myslel>> <<prep:se>> <<f%REG:snížením>> své role velmi , velmi vážně . 	REG	regard
ln94204_20.t##2.1	Karlovarský porcelán hodlá <<prep:se>> staronovým <<f%ACMP:vedením>> <<verb:zvýšit>> výrobu 	ACMP	association
pdtsc_133_3.14.t##35.1	<<verb:Jezdil>> jsem tam <<prep:s>> <<f%MEANS:autem>> . 	MEANS	transport	COND	because
ln94211_67.t##4.15	Muž , který si tak často pohrával s legálně drženou pistolí , protože <<prep:s>> <<f%MEANS:ní>> rád <<verb:zastrašoval>> lidi , až v Písku zastřelil dva mladíky , byl odsouzen na tři roky odnětí svobody . 	MEANS	tool
pdtsc_022_1.07.t##21.19	Nejraději se učil v noci , takže si našel buďto místo nočního vrátného , anebo někde , kde musel být , a <<verb:vzal>> si <<prep:s>> <<f%DIR3:sebou>> učení . 	MANN	idiom
pdtsc_057_2.01.t##22.5	Jsou tam moji spolupracující , <<prep:se>> <<f%ACMP:kterými>> jsem <<verb:pracoval>> . 	ACMP	community
wsj1322.cz.t##18.4	Budeme se <<verb:pohybovat>> vpřed i vzad <<prep:s>> <<f%ACMP:náběhem>> k nepatrně nižším výnosům , " řekl . 	MANN	of-result		
ln95048_135.t##9.1	Při letošní květnové návštěvě papeže v Olomouci bude spolu s Janem Sarkandrem <<prep:se>> vší <<f%ATT:pravděpodobností>> <<verb:svatořečena>> i blahoslavená Zdislava z Lemberka . 	MOD	mod
wsj1273.cz.t##9.12	Místo toho jej jeho makléř ze společnosti Merrill vložil do vkladního certifikátu s nulovým kupónem , který se <<verb:prodává>> <<prep:s>> velkou <<f%MANN:slevou>> vzhledem k jeho nominální hodnotě . 	MANN	of-event
wsj1039.cz.t##1.1	<<prep:S>> <<f%ACMP:odkazem>> na snižování cen konkurence a nepříznivý dopad silného amerického dolaru <<verb:oznámila>> společnost Amdahl Corp . , výrobce sálových počítačů , prudký pokles čistého příjmu za třetí čtvrtletí . 	CIRC	side-effect
pdtsc_086_1.09.t##11.1	Většinu času jsem <<verb:ležela>> doma <<prep:s>> <<f%MANN:nohou>> nahoře . 	MANN	of-agent
wsj0162.cz.t##25.39	Analytik společnosti Drexel Burnham Lambert Michael Derchin řekl , že tato mateřská společnost United Airlines , cíl nepovedeného pokusu zaměstnanecko - manažerské skupiny o převzetí v hodnotě 300 USD za akcii , bude <<prep:se>> sedmdesátiprocentní <<f%MOD:pravděpodobností>> do šesti měsíců <<verb:převzata>> nebo restrukturalizována . 	MOD	mod
ln94205_130.t##48.1	Prý <<prep:s>> <<f%DIR3:sebou>> <<verb:vezete>> i nějaké speciality . 	MANN	idiom
wsj0589.cz.t##46.1	<<prep:S>> <<f%TPAR:pokračováním>> tohoto trendu se <<verb:očekává>> , že stoupne poptávka po vysoce kvalitním , ale nepředraženém zboží , které je prodávané v široké distribuční síti - konkrétně se jedná o přípravky na péči o pokožku . 	COND	progressively
wsj1556.cz.t##14.5	Provozovatelé rychlého občerstvení tvrdí , že slevy se <<verb:objevují>> v takovém měřítku a <<prep:s>> takovou <<f%THO:frekvencí>> jako nikdy dosud . 	EXT	large	CPR	compared
pdtsc_086_1.04.t##27.1	<<verb:Protloukala>> to maminka <<prep:se>> <<f%ACMP:mnou>> , jak se dá . 	ACMP	community
ln94210_74.t##28.9	Koncem srpna šla banka ještě dále : ohlásila , že <<verb:vypoví>> všechny speciální vklady s roční výpovědní lhůtou a pevnou sazbou <<prep:s>> <<f%MANN:platností>> k 31 . prosinci . 	TSIN	validity
pdtsc_078_3.10.t##3.2	Manžel <<verb:chodí>> <<prep:s>> <<f%MEANS:berlí>> , tak různé drobné opravy , třeba něco natřít . 	MEANS	tool
pdtsc_057_2.05.t##20.8	Byla to Tatra už starší výroby a on <<prep:s>> <<f%MEANS:tím>> <<verb:jel>> takových 200 metrů od stánku , kde mu to plnili . 	MEANS	transport	COND	because
wsj2053.cz.t##39.22	Další konzervativní zastánci , jako například republikánský poslanec Malcolm Wallop z Wyomingu , dlouhodobý obhájce SDI , nemají vliv na Bushův Bílý dům , jaký <<verb:požívali>> <<prep:s>> prezidentem <<f%TPAR:Reaganem>> . 	COND	relation		
ln94204_150.t##32.13	Jak reagovali na Slovensku na knihu , z níž přes veškerý takt jasně vychází najevo , že všechno , co dnes Slováci <<prep:s>> <<f%ACMP:oblibou>> <<verb:tvrdí>> o tisícileté maďarské porobě nebo o moravsko - slovenské kontinuitě , podle které Slováci pocházejí z Velkomoravské říše , je mýtus ? 	MANN	of-agent
wsj1625.cz.t##34.21	Charita připouští , že utratila mnoho za shromažďování financí , ale tvrdí , že bylo nutné vybudovat dárcovskou základnu , ze které bude v příštích letech možno <<verb:těžit>> <<prep:s>> mnohem menšími <<f%ACMP:náklady>> . 	MANN	of-event
pdtsc_013_2.00.t##12.7	Vypadalo to pro mě moc špatně , protože jsem právě toto nemohl <<prep:s>> <<f%MOD:určitostí>> <<verb:říct>> a vymýšlet jsem si přece nemohl . 	MOD	mod	MANN	of-event
pdtsc_118_1.09.t##21.1	Když tady byla asi potřetí , tak jsem ji <<verb:šel>> <<prep:s>> nejmladší <<f%ACMP:dcerou>> navštívit . 	ACMP	community
wsj0942.cz.t##21.10	ES s 320 miliony obyvatel má 8.5 milionu zemědělců , zatímco Spojené státy <<verb:mají>> <<prep:se>> zhruba 245 <<f%ACMP:miliony>> obyvatel jen dva miliony zemědělců . 	MANN	of-agent	CIRC	condition
pdtsc_083_2.07.t##48.11	Jsem spokojen , když můžu letět novým letadlem nebo jiným typem , <<prep:se>> <<f%MEANS:kterým>> jsem zatím <<verb:neletěl>> . 	MEANS	transport
ln94210_95.t##80.18	Nejhorší bylo , že najednou zbývalo na restaurování maleb málo času , protože nálezů bylo desetkrát víc , než se čekalo a Geologický úřad <<verb:opustil>> paláce <<prep:se>> značným <<f%MANN:zpožděním>> . 	MANN	of-result
wsj1618.cz.t##40.2	<<prep:S>> garpovskou <<f%ACMP:nahodilostí>> byl hotel Amfac naproti přes ulici <<verb:zasažen>> daleko více : utrhly se velké kusy jeho betonové fasády a několik prosklených balkónů . 	CIRC	side-effect
pdtsc_020_1.02.t##3.1	Potom , když jeli třeba na Moravu a na Slovensko na závody , už <<prep:s>> <<f%ACMP:nimi>> <<verb:jezdil>> doprovod . 	ACMP	community
wsj1203.cz.t##35.12	V minulosti bylo o Davidu Threlkeldovi známo , že měl značně dlouhodobé pozice , tj . <<verb:kupoval>> termínové obchody s mědí <<prep:s>> <<f%ACMP:očekáváním>> zvýšení cen - na trhu s termínovými obchody s mědí . 	MANN	of-agent	CIRC	side-effect
wsj1735.cz.t##46.7	Například , říká , společnost plánuje , že <<prep:s>> novou <<f%COND:službou>> , testovanou v některých částech země , zaměřenou na daňové poplatníky , kteří chtějí mít rychle vyřízenou refundaci , se <<verb:rozšíří>> do celého státu . 	COND	progressively
wsj0537.cz.t##15.16	Mezitím uvnitř soudní síně soudce řekl , že uloží právníkům obou věřitelů pokutu 50 dolarů pokaždé , když se o tom druhém <<verb:zmíní>> <<prep:s>> <<f%MANN:použitím>> takového výrazu , jako je " lhář " nebo " sliz . " 	CIRC	condition
ln94210_122.t##23.3	Tenkrát si ještě nebarvil vlasy , byl ostříhaný na krátko a v uších neměl náušnice , ale showmanem byl už jako dítě , zavzpomínal si Chang , který porážku s nenasazeným Agassim 1 : 6 , 7 : 6 , 3 : 6 , 6 : 3 , 1 : 6 <<verb:přijal>> <<prep:s>> křesťanskou <<f%MANN:pokorou>> : Tenis hraju proto , že si to přeje Bůh . 	MANN	of-agent
wsj0282.cz.t##29.5	Dobře informované zdroje tvrdí , že ani vydavatelé těchto časopisů , které představují jen výstavní exponáty , nemohou <<prep:s>> <<f%MOD:jistotou>> <<verb:vědět>> , kolik tyto časopisy spolu s novinami Moona stojí . 	MOD	mod
pdtsc_106_3.05.t##37.1	V zimě se <<prep:s>> <<f%MEANS:tím>> samozřejmě <<verb:nejezdilo>> . 	MEANS	transport	CIRC	side-effect
pdtsc_072_2.04.t##19.3	<<prep:S>> <<f%ACMP:tou>> už jsme toho <<verb:navštívili>> hodně - Burgundsko , Provence , Holandsko , v Itálii jsme udělali několik okruhů . 	ACMP	community	MEANS	transport
pdtsc_095_3.00.t##45.1	Jak vám to <<verb:jde>> <<prep:s>> <<f%REG:počítači>> ? 	REG	regard
mf930713_036.t##3.1	Polského pašeráka i <<prep:s>> <<f%ACMP:kontrabandem>> za téměř 300 tisíc korun <<verb:dopadli>> celníci z Habartic na Liberecku . 	ACMP	association
pdtsc_021_1.00.t##36.1	<<verb:Táhli>> jsme <<prep:s>> <<f%ACMP:sebou>> všechno jídlo . 	MANN	idiom
wsj2205.cz.t##58.1	<<prep:S>> <<f%TPAR:posilováním>> londýnského trhu si někteří <<verb:kladli>> otázku , zda víkend obav a nervozity vůbec stál za to . 	COND	progressively
cmpr9413_042.t##53.1	<<prep:S>> <<f%ACMP:růstem>> provozních nákladů pochopitelně <<verb:rostou>> i ceny oprav obuvi . 	COND	progressively
pdtsc_045_3.09.t##12.4	Říkala mně , že <<prep:s>> těmi pěti <<f%ACMP:lidmi>> se jí dům <<verb:udržuje>> docela dobře . 	ACMP	association	CIRC	condition
pdtsc_005_1.01.t##33.11	Když jsme ráno viděli , co je na lodi , ani kapitán nevěřil , že <<prep:s>> <<f%MEANS:ní>> <<verb:dopluje>> tam , kam potřebujeme . 	MEANS	transport
pdtsc_073_3.16.t##33.2	On tam <<verb:jezdil>> <<prep:se>> <<f%MEANS:sanitkou>> a já s autem . 	MEANS	transport
cmpr9410_020.t##3.6	Podle příslušných předpisů je prodejce povinen <<verb:prodávat>> zahraniční produkty , jejichž součástí je i návod , <<prep:s>> jeho <<f%ACMP:překladem>> do češtiny . 	CIRC	side-effect	MANN	of-event
pdtsc_017_2.01.t##19.6	Nám a těm chlapům , <<verb:vzali>> nás tři ženské <<prep:s>> <<f%MANN:sebou>> , dovolili jít si sednout na vagóny k těm dělům . 	MANN	idiom
pdtsc_064_2.10.t##46.1	Ty tady <<prep:s>> <<f%MANN:sebou>> <<verb:nemám>> . 	MANN	idiom
ln94209_18.t##7.1	<<prep:S>> neklesající <<f%TPAR:kriminalitou>> , která se ustálila na laťce pro občany nepřijatelné , bude tato struna pravděpodobně <<verb:sílit>> . 	COND	progressively
pdtsc_077_3.10.t##49.1	<<verb:Měli>> <<prep:s>> <<f%MANN:sebou>> kola . 	MANN	idiom
wsj2128.cz.t##4.8	Většina starých smluv byla do termínu přepracována a mimosoudně <<verb:vyřešena>> <<prep:s>> výraznými <<f%MANN:slevami>> . 	MANN	of-result
wsj2202.cz.t##40.1	<<verb:Skončili>> <<prep:s>> celkovým <<f%ACMP:skóre>> 5 proti 24 , bez homerunů a RIB . 	MANN	of-result
pdtsc_148_3.06.t##8.1	Vždycky to <<verb:oslavíme>> <<prep:s>> <<f%ACMP:rodinou>> . 	ACMP	community
ln95045_072.t##3.1	Pachatel poté z křižovatky ulic Na Fišerce a Na Šťáhlavce v Praze 6 <<verb:ujel>> i <<prep:s>> veškerými <<f%ACMP:doklady>> k favoritu . 	CIRC	side-effect
wsj0747.cz.t##1.1	Článek z první stránky z 28 . září od Roberta Tomsheho o Robertu Redfordovi ( " Sundance Kid získává v okolí Sundance trochu respektu " ) jsme si <<verb:přečetli>> <<prep:se>> <<f%MANN:zájmem>> . 	MANN	of-agent	MANN	of-event
pdtsc_082_2.04.t##47.7	Jezdíte jen s manželkou nebo <<verb:jezdí>> někdo <<prep:s>> <<f%ACMP:vámi>> ? 	ACMP	community
ln95048_050.t##68.3	Na které žánry lze dnes v českém filmu <<verb:vsadit>> <<prep:s>> <<f%ATT:jistotou>> ? 	MANN	of-event		
wsj0781.cz.t##43.2	Od té doby společnost Intel <<verb:zabrala>> velkou část trhu <<prep:s>> následujícími <<f%MEANS:generacemi>> 16 bitových a 32 bitových čipů , přičemž všechny z nich dokážou operovat se softwarem určeným pro předchozí modely . 	OTHER	other	REG	regard
